trial,testing,parameters,initial_deadline,final_deadline,net_reward,actions,success
1,False,"{'a': 0.495, 'e': 0.99}",25,0,-92.99267765116025,"{0: 17, 1: 1, 2: 5, 3: 1, 4: 1}",0
2,False,"{'a': 0.49005, 'e': 0.9801}",25,0,-107.10985572630317,"{0: 13, 1: 3, 2: 8, 3: 1, 4: 0}",0
3,False,"{'a': 0.4851495, 'e': 0.970299}",20,0,-168.0099676559463,"{0: 10, 1: 1, 2: 5, 3: 2, 4: 2}",0
4,False,"{'a': 0.480298005, 'e': 0.96059601}",30,0,-189.13792754596466,"{0: 15, 1: 3, 2: 9, 3: 1, 4: 2}",0
5,False,"{'a': 0.47549502494999996, 'e': 0.9509900498999999}",20,0,-118.59132836148706,"{0: 12, 1: 3, 2: 2, 3: 1, 4: 2}",0
6,False,"{'a': 0.4707400747005, 'e': 0.941480149401}",20,0,-24.516659684325003,"{0: 15, 1: 2, 2: 3, 3: 0, 4: 0}",0
7,False,"{'a': 0.46603267395349496, 'e': 0.9320653479069899}",20,0,-112.20385575688886,"{0: 10, 1: 3, 2: 5, 3: 1, 4: 1}",0
8,False,"{'a': 0.46137234721396003, 'e': 0.9227446944279201}",20,0,-62.84817129742194,"{0: 13, 1: 3, 2: 2, 3: 2, 4: 0}",0
9,False,"{'a': 0.4567586237418204, 'e': 0.9135172474836408}",25,0,-126.75465787704718,"{0: 15, 1: 4, 2: 3, 3: 1, 4: 2}",0
10,False,"{'a': 0.4521910375044022, 'e': 0.9043820750088044}",20,0,-143.6348669331085,"{0: 11, 1: 0, 2: 7, 3: 0, 4: 2}",0
11,False,"{'a': 0.4476691271293582, 'e': 0.8953382542587164}",25,0,-96.10135202666767,"{0: 16, 1: 2, 2: 6, 3: 0, 4: 1}",0
12,False,"{'a': 0.4431924358580646, 'e': 0.8863848717161292}",25,0,-114.52055548764108,"{0: 16, 1: 0, 2: 7, 3: 1, 4: 1}",0
13,False,"{'a': 0.4387605114994839, 'e': 0.8775210229989678}",35,0,-180.30599636417486,"{0: 25, 1: 2, 2: 4, 3: 0, 4: 4}",0
14,False,"{'a': 0.4343729063844891, 'e': 0.8687458127689782}",25,0,-154.34183994279817,"{0: 15, 1: 1, 2: 5, 3: 2, 4: 2}",0
15,False,"{'a': 0.4300291773206442, 'e': 0.8600583546412884}",25,0,-32.512153742149096,"{0: 20, 1: 0, 2: 4, 3: 1, 4: 0}",0
16,False,"{'a': 0.42572888554743776, 'e': 0.8514577710948755}",25,0,-66.89767033191733,"{0: 19, 1: 1, 2: 3, 3: 1, 4: 1}",0
17,False,"{'a': 0.4214715966919634, 'e': 0.8429431933839268}",20,0,-72.42640265824943,"{0: 12, 1: 2, 2: 4, 3: 2, 4: 0}",0
18,False,"{'a': 0.41725688072504374, 'e': 0.8345137614500875}",20,0,-20.247856114268302,"{0: 15, 1: 2, 2: 3, 3: 0, 4: 0}",0
19,False,"{'a': 0.4130843119177933, 'e': 0.8261686238355866}",30,0,-73.94303195355148,"{0: 20, 1: 5, 2: 4, 3: 0, 4: 1}",0
20,False,"{'a': 0.4089534687986154, 'e': 0.8179069375972308}",20,0,-71.85959129152786,"{0: 12, 1: 4, 2: 2, 3: 2, 4: 0}",0
21,False,"{'a': 0.4048639341106292, 'e': 0.8097278682212584}",20,0,-137.05255302583777,"{0: 12, 1: 2, 2: 2, 3: 2, 4: 2}",0
22,False,"{'a': 0.40081529476952293, 'e': 0.8016305895390459}",20,11,1.062100669651704,"{0: 8, 1: 0, 2: 1, 3: 0, 4: 0}",1
23,False,"{'a': 0.3968071418218277, 'e': 0.7936142836436554}",25,0,-139.11076737364627,"{0: 15, 1: 3, 2: 4, 3: 1, 4: 2}",0
24,False,"{'a': 0.3928390704036094, 'e': 0.7856781408072188}",25,0,-132.47247711940406,"{0: 15, 1: 2, 2: 4, 3: 3, 4: 1}",0
25,False,"{'a': 0.3889106796995733, 'e': 0.7778213593991467}",20,0,-50.78101931372303,"{0: 14, 1: 1, 2: 3, 3: 2, 4: 0}",0
26,False,"{'a': 0.38502157290257755, 'e': 0.7700431458051551}",20,0,-113.75901694245803,"{0: 12, 1: 3, 2: 3, 3: 0, 4: 2}",0
27,False,"{'a': 0.3811713571735518, 'e': 0.7623427143471035}",20,0,-127.33616370744562,"{0: 12, 1: 0, 2: 6, 3: 0, 4: 2}",0
28,False,"{'a': 0.3773596436018163, 'e': 0.7547192872036326}",20,0,-97.06226429180387,"{0: 13, 1: 3, 2: 2, 3: 0, 4: 2}",0
29,False,"{'a': 0.3735860471657981, 'e': 0.7471720943315961}",20,0,-2.2019511427526943,"{0: 17, 1: 1, 2: 2, 3: 0, 4: 0}",0
30,False,"{'a': 0.3698501866941401, 'e': 0.7397003733882802}",25,10,-5.88311624133893,"{0: 13, 1: 0, 2: 1, 3: 1, 4: 0}",1
31,False,"{'a': 0.36615168482719873, 'e': 0.7323033696543975}",20,0,-28.668526610705175,"{0: 13, 1: 5, 2: 2, 3: 0, 4: 0}",0
32,False,"{'a': 0.3624901679789267, 'e': 0.7249803359578534}",20,0,-63.10629868618878,"{0: 12, 1: 2, 2: 5, 3: 1, 4: 0}",0
33,False,"{'a': 0.35886526629913745, 'e': 0.7177305325982749}",25,0,-70.49753241015684,"{0: 17, 1: 3, 2: 4, 3: 0, 4: 1}",0
34,False,"{'a': 0.35527661363614604, 'e': 0.7105532272722921}",25,7,-82.38226414916201,"{0: 10, 1: 2, 2: 5, 3: 0, 4: 1}",1
35,False,"{'a': 0.3517238474997846, 'e': 0.7034476949995692}",20,1,-111.27151863809449,"{0: 11, 1: 2, 2: 4, 3: 0, 4: 2}",1
36,False,"{'a': 0.34820660902478673, 'e': 0.6964132180495735}",20,0,-167.45964308130746,"{0: 8, 1: 3, 2: 6, 3: 1, 4: 2}",0
37,False,"{'a': 0.34472454293453886, 'e': 0.6894490858690777}",20,1,-3.93685663756564,"{0: 17, 1: 0, 2: 1, 3: 1, 4: 0}",1
38,False,"{'a': 0.3412772975051935, 'e': 0.682554595010387}",20,0,-52.382760471937516,"{0: 16, 1: 0, 2: 1, 3: 3, 4: 0}",0
39,False,"{'a': 0.33786452453014154, 'e': 0.6757290490602831}",20,3,-116.94850927393134,"{0: 9, 1: 0, 2: 5, 3: 2, 4: 1}",1
40,False,"{'a': 0.33448587928484014, 'e': 0.6689717585696803}",20,3,-117.56297628326514,"{0: 11, 1: 2, 2: 1, 3: 0, 4: 3}",1
41,False,"{'a': 0.33114102049199173, 'e': 0.6622820409839835}",20,8,-15.038760335100303,"{0: 10, 1: 0, 2: 1, 3: 1, 4: 0}",1
42,False,"{'a': 0.3278296102870718, 'e': 0.6556592205741436}",20,0,-143.94906615373466,"{0: 13, 1: 2, 2: 1, 3: 1, 4: 3}",0
43,False,"{'a': 0.3245513141842011, 'e': 0.6491026283684022}",25,0,-31.287611037157582,"{0: 21, 1: 1, 2: 2, 3: 0, 4: 1}",0
44,False,"{'a': 0.32130580104235906, 'e': 0.6426116020847181}",20,0,-43.05647639603124,"{0: 15, 1: 0, 2: 4, 3: 1, 4: 0}",0
45,False,"{'a': 0.31809274303193547, 'e': 0.6361854860638709}",25,0,-56.55498955231918,"{0: 16, 1: 5, 2: 3, 3: 1, 4: 0}",0
46,False,"{'a': 0.31491181560161613, 'e': 0.6298236312032323}",20,0,-47.04946458410191,"{0: 14, 1: 0, 2: 5, 3: 1, 4: 0}",0
47,False,"{'a': 0.3117626974456, 'e': 0.6235253948912}",35,0,-259.04720564963606,"{0: 22, 1: 0, 2: 6, 3: 3, 4: 4}",0
48,False,"{'a': 0.308645070471144, 'e': 0.617290140942288}",20,0,-66.60724018175252,"{0: 13, 1: 5, 2: 0, 3: 1, 4: 1}",0
49,False,"{'a': 0.3055586197664325, 'e': 0.611117239532865}",25,0,-101.70920797053476,"{0: 16, 1: 2, 2: 5, 3: 1, 4: 1}",0
50,False,"{'a': 0.3025030335687682, 'e': 0.6050060671375364}",20,0,-38.02388771995285,"{0: 15, 1: 0, 2: 5, 3: 0, 4: 0}",0
51,False,"{'a': 0.2994780032330805, 'e': 0.598956006466161}",25,4,-47.958758772477914,"{0: 16, 1: 2, 2: 2, 3: 0, 4: 1}",1
52,False,"{'a': 0.2964832232007497, 'e': 0.5929664464014994}",25,8,-114.06087145653883,"{0: 8, 1: 2, 2: 4, 3: 2, 4: 1}",1
53,False,"{'a': 0.2935183909687422, 'e': 0.5870367819374844}",35,21,4.608356280067484,"{0: 12, 1: 0, 2: 2, 3: 0, 4: 0}",1
54,False,"{'a': 0.29058320705905477, 'e': 0.5811664141181095}",30,0,-44.938234129679515,"{0: 22, 1: 2, 2: 6, 3: 0, 4: 0}",0
55,False,"{'a': 0.28767737498846424, 'e': 0.5753547499769285}",20,13,-4.3453559061192415,"{0: 5, 1: 1, 2: 1, 3: 0, 4: 0}",1
56,False,"{'a': 0.2848006012385796, 'e': 0.5696012024771592}",30,0,-113.99363247051784,"{0: 20, 1: 3, 2: 4, 3: 2, 4: 1}",0
57,False,"{'a': 0.28195259522619376, 'e': 0.5639051904523875}",20,0,-115.70118872734032,"{0: 15, 1: 1, 2: 1, 3: 0, 4: 3}",0
58,False,"{'a': 0.27913306927393183, 'e': 0.5582661385478637}",25,4,-46.31997190787247,"{0: 13, 1: 3, 2: 5, 3: 0, 4: 0}",1
59,False,"{'a': 0.27634173858119254, 'e': 0.5526834771623851}",30,5,-126.54280468674416,"{0: 18, 1: 1, 2: 3, 3: 0, 4: 3}",1
60,False,"{'a': 0.2735783211953806, 'e': 0.5471566423907612}",35,0,-32.17618176627696,"{0: 27, 1: 2, 2: 6, 3: 0, 4: 0}",0
61,False,"{'a': 0.2708425379834268, 'e': 0.5416850759668536}",20,12,4.723616612058522,"{0: 7, 1: 1, 2: 0, 3: 0, 4: 0}",1
62,False,"{'a': 0.2681341126035925, 'e': 0.536268225207185}",30,0,-35.682092645140436,"{0: 24, 1: 0, 2: 5, 3: 1, 4: 0}",0
63,False,"{'a': 0.2654527714775566, 'e': 0.5309055429551132}",25,11,-35.51207456923272,"{0: 11, 1: 0, 2: 2, 3: 0, 4: 1}",1
64,False,"{'a': 0.262798243762781, 'e': 0.525596487525562}",25,4,-52.66905032773859,"{0: 15, 1: 2, 2: 2, 3: 2, 4: 0}",1
65,False,"{'a': 0.2601702613251532, 'e': 0.5203405226503064}",25,0,-135.429285715315,"{0: 16, 1: 2, 2: 3, 3: 2, 4: 2}",0
66,False,"{'a': 0.25756855871190165, 'e': 0.5151371174238033}",20,5,-51.78934594354293,"{0: 11, 1: 0, 2: 3, 3: 0, 4: 1}",1
67,False,"{'a': 0.25499287312478264, 'e': 0.5099857462495653}",20,1,-54.161522140933826,"{0: 11, 1: 2, 2: 6, 3: 0, 4: 0}",1
68,False,"{'a': 0.2524429443935348, 'e': 0.5048858887870696}",25,0,-54.11101302112225,"{0: 19, 1: 1, 2: 4, 3: 0, 4: 1}",0
69,False,"{'a': 0.24991851494959946, 'e': 0.4998370298991989}",20,0,-126.06297465969986,"{0: 13, 1: 3, 2: 1, 3: 0, 4: 3}",0
70,False,"{'a': 0.24741932980010348, 'e': 0.49483865960020695}",20,0,-7.795771807991824,"{0: 17, 1: 1, 2: 2, 3: 0, 4: 0}",0
71,False,"{'a': 0.24494513650210245, 'e': 0.4898902730042049}",20,0,-97.1581398055363,"{0: 13, 1: 1, 2: 4, 3: 0, 4: 2}",0
72,False,"{'a': 0.24249568513708142, 'e': 0.48499137027416284}",25,0,-38.42419683486247,"{0: 19, 1: 2, 2: 3, 3: 1, 4: 0}",0
73,False,"{'a': 0.2400707282857106, 'e': 0.4801414565714212}",30,19,16.309691351419687,"{0: 11, 1: 0, 2: 0, 3: 0, 4: 0}",1
74,False,"{'a': 0.23767002100285348, 'e': 0.47534004200570695}",25,0,-72.60048810309782,"{0: 18, 1: 2, 2: 4, 3: 0, 4: 1}",0
75,False,"{'a': 0.23529332079282494, 'e': 0.4705866415856499}",25,0,-30.761789402405253,"{0: 22, 1: 1, 2: 1, 3: 0, 4: 1}",0
76,False,"{'a': 0.23294038758489669, 'e': 0.46588077516979337}",20,9,9.267143307940307,"{0: 10, 1: 1, 2: 0, 3: 0, 4: 0}",1
77,False,"{'a': 0.23061098370904773, 'e': 0.46122196741809546}",20,0,-33.32824979089778,"{0: 16, 1: 0, 2: 3, 3: 1, 4: 0}",0
78,False,"{'a': 0.22830487387195725, 'e': 0.4566097477439145}",25,0,-36.3658207079082,"{0: 21, 1: 0, 2: 2, 3: 2, 4: 0}",0
79,False,"{'a': 0.22602182513323768, 'e': 0.45204365026647536}",20,11,16.88072930764678,"{0: 9, 1: 0, 2: 0, 3: 0, 4: 0}",1
80,False,"{'a': 0.2237616068819053, 'e': 0.4475232137638106}",25,15,-4.495623417351773,"{0: 8, 1: 0, 2: 2, 3: 0, 4: 0}",1
81,False,"{'a': 0.22152399081308624, 'e': 0.4430479816261725}",25,11,5.1111193906593435,"{0: 12, 1: 1, 2: 1, 3: 0, 4: 0}",1
82,False,"{'a': 0.21930875090495539, 'e': 0.43861750180991077}",25,0,-51.025889746084395,"{0: 20, 1: 2, 2: 1, 3: 1, 4: 1}",0
83,False,"{'a': 0.21711566339590582, 'e': 0.43423132679181164}",25,0,-94.3908450711425,"{0: 16, 1: 0, 2: 8, 3: 0, 4: 1}",0
84,False,"{'a': 0.21494450676194676, 'e': 0.4298890135238935}",25,0,-67.35137481500102,"{0: 19, 1: 2, 2: 2, 3: 1, 4: 1}",0
85,False,"{'a': 0.2127950616943273, 'e': 0.4255901233886546}",30,20,5.399208996533216,"{0: 9, 1: 0, 2: 1, 3: 0, 4: 0}",1
86,False,"{'a': 0.210667111077384, 'e': 0.421334222154768}",30,13,-26.66536610785891,"{0: 14, 1: 2, 2: 0, 3: 0, 4: 1}",1
87,False,"{'a': 0.20856043996661017, 'e': 0.41712087993322033}",20,0,-39.31737432039321,"{0: 17, 1: 0, 2: 2, 3: 0, 4: 1}",0
88,False,"{'a': 0.20647483556694407, 'e': 0.41294967113388814}",25,8,15.401786451779659,"{0: 16, 1: 0, 2: 1, 3: 0, 4: 0}",1
89,False,"{'a': 0.20441008721127463, 'e': 0.40882017442254925}",20,8,-64.12700556318079,"{0: 8, 1: 0, 2: 2, 3: 1, 4: 1}",1
90,False,"{'a': 0.2023659863391619, 'e': 0.4047319726783238}",30,0,-38.521978516885795,"{0: 25, 1: 1, 2: 3, 3: 0, 4: 1}",0
91,False,"{'a': 0.20034232647577027, 'e': 0.40068465295154054}",25,13,-44.881090344791566,"{0: 9, 1: 0, 2: 2, 3: 0, 4: 1}",1
92,False,"{'a': 0.19833890321101255, 'e': 0.3966778064220251}",30,0,-145.01694522857392,"{0: 22, 1: 1, 2: 1, 3: 4, 4: 2}",0
93,False,"{'a': 0.19635551417890243, 'e': 0.39271102835780486}",20,0,-100.18169615505863,"{0: 14, 1: 1, 2: 2, 3: 1, 4: 2}",0
94,False,"{'a': 0.1943919590371134, 'e': 0.3887839180742268}",25,5,-21.999768237894884,"{0: 18, 1: 0, 2: 1, 3: 0, 4: 1}",1
95,False,"{'a': 0.19244803944674227, 'e': 0.38489607889348454}",25,5,-33.96463709220998,"{0: 15, 1: 0, 2: 4, 3: 1, 4: 0}",1
96,False,"{'a': 0.19052355905227483, 'e': 0.38104711810454966}",25,0,-66.9317996768493,"{0: 20, 1: 1, 2: 1, 3: 2, 4: 1}",0
97,False,"{'a': 0.18861832346175209, 'e': 0.37723664692350417}",30,0,-126.9268905498722,"{0: 21, 1: 1, 2: 5, 3: 1, 4: 2}",0
98,False,"{'a': 0.18673214022713458, 'e': 0.37346428045426916}",20,12,3.9828377131968447,"{0: 7, 1: 0, 2: 1, 3: 0, 4: 0}",1
99,False,"{'a': 0.18486481882486322, 'e': 0.36972963764972644}",30,5,-66.5519533771727,"{0: 19, 1: 0, 2: 4, 3: 1, 4: 1}",1
100,False,"{'a': 0.1830161706366146, 'e': 0.3660323412732292}",30,0,-33.598913192466306,"{0: 27, 1: 0, 2: 1, 3: 1, 4: 1}",0
101,False,"{'a': 0.18118600893024844, 'e': 0.3623720178604969}",20,15,1.918933825533939,"{0: 4, 1: 1, 2: 0, 3: 0, 4: 0}",1
102,False,"{'a': 0.17937414884094596, 'e': 0.3587482976818919}",25,9,13.838903663576053,"{0: 15, 1: 0, 2: 1, 3: 0, 4: 0}",1
103,False,"{'a': 0.1775804073525365, 'e': 0.355160814705073}",25,0,-132.645795114784,"{0: 18, 1: 0, 2: 3, 3: 2, 4: 2}",0
104,False,"{'a': 0.17580460327901112, 'e': 0.35160920655802225}",20,0,25.30948413273313,"{0: 20, 1: 0, 2: 0, 3: 0, 4: 0}",0
105,False,"{'a': 0.174046557246221, 'e': 0.348093114492442}",20,0,-7.582522934837489,"{0: 17, 1: 0, 2: 3, 3: 0, 4: 0}",0
106,False,"{'a': 0.1723060916737588, 'e': 0.3446121833475176}",25,0,4.562155873886021,"{0: 22, 1: 1, 2: 2, 3: 0, 4: 0}",0
107,False,"{'a': 0.17058303075702122, 'e': 0.34116606151404244}",20,0,-65.17476918145107,"{0: 14, 1: 2, 2: 3, 3: 0, 4: 1}",0
108,False,"{'a': 0.168877200449451, 'e': 0.337754400898902}",25,5,-15.721195592925444,"{0: 15, 1: 1, 2: 4, 3: 0, 4: 0}",1
109,False,"{'a': 0.1671884284449565, 'e': 0.334376856889913}",20,0,-20.797332611078815,"{0: 14, 1: 3, 2: 3, 3: 0, 4: 0}",0
110,False,"{'a': 0.16551654416050693, 'e': 0.33103308832101386}",25,0,34.49731124056114,"{0: 25, 1: 0, 2: 0, 3: 0, 4: 0}",0
111,False,"{'a': 0.16386137871890186, 'e': 0.3277227574378037}",25,0,-43.28991979309393,"{0: 19, 1: 0, 2: 5, 3: 1, 4: 0}",0
112,False,"{'a': 0.16222276493171284, 'e': 0.3244455298634257}",25,11,22.1392979129957,"{0: 14, 1: 0, 2: 0, 3: 0, 4: 0}",1
113,False,"{'a': 0.1606005372823957, 'e': 0.3212010745647914}",20,0,-64.69467775435936,"{0: 17, 1: 1, 2: 0, 3: 0, 4: 2}",0
114,False,"{'a': 0.15899453190957175, 'e': 0.3179890638191435}",35,0,-18.857383728281572,"{0: 31, 1: 2, 2: 1, 3: 0, 4: 1}",0
115,False,"{'a': 0.15740458659047601, 'e': 0.31480917318095203}",25,18,-0.6777363752604317,"{0: 6, 1: 0, 2: 1, 3: 0, 4: 0}",1
116,False,"{'a': 0.15583054072457125, 'e': 0.3116610814491425}",30,0,-120.85563268467497,"{0: 25, 1: 0, 2: 1, 3: 1, 4: 3}",0
117,False,"{'a': 0.15427223531732553, 'e': 0.30854447063465107}",30,18,15.47902619317558,"{0: 11, 1: 1, 2: 0, 3: 0, 4: 0}",1
118,False,"{'a': 0.1527295129641523, 'e': 0.3054590259283046}",25,9,-29.01864041556543,"{0: 14, 1: 0, 2: 1, 3: 0, 4: 1}",1
119,False,"{'a': 0.15120221783451077, 'e': 0.30240443566902153}",35,7,-95.09274773673992,"{0: 23, 1: 0, 2: 1, 3: 2, 4: 2}",1
120,False,"{'a': 0.14969019565616565, 'e': 0.2993803913123313}",20,13,5.549146777923596,"{0: 6, 1: 1, 2: 0, 3: 0, 4: 0}",1
121,False,"{'a': 0.148193293699604, 'e': 0.296386587399208}",20,0,-7.501203874956647,"{0: 17, 1: 1, 2: 2, 3: 0, 4: 0}",0
122,False,"{'a': 0.14671136076260796, 'e': 0.2934227215252159}",20,6,13.937230780601425,"{0: 13, 1: 0, 2: 1, 3: 0, 4: 0}",1
123,False,"{'a': 0.14524424715498188, 'e': 0.29048849430996376}",20,1,-98.10690611539366,"{0: 11, 1: 1, 2: 5, 3: 1, 4: 1}",1
124,False,"{'a': 0.14379180468343206, 'e': 0.2875836093668641}",20,13,10.988589932364016,"{0: 7, 1: 0, 2: 0, 3: 0, 4: 0}",1
125,False,"{'a': 0.14235388663659773, 'e': 0.28470777327319546}",25,7,13.219162353052889,"{0: 17, 1: 0, 2: 1, 3: 0, 4: 0}",1
126,False,"{'a': 0.14093034777023175, 'e': 0.2818606955404635}",20,0,-29.9724958077707,"{0: 17, 1: 1, 2: 1, 3: 0, 4: 1}",0
127,False,"{'a': 0.13952104429252943, 'e': 0.27904208858505886}",35,23,-11.749838461969198,"{0: 10, 1: 1, 2: 0, 3: 1, 4: 0}",1
128,False,"{'a': 0.13812583384960414, 'e': 0.2762516676992083}",20,5,-5.606813524718174,"{0: 13, 1: 1, 2: 0, 3: 1, 4: 0}",1
129,False,"{'a': 0.1367445755111081, 'e': 0.2734891510222162}",20,8,9.368104302700987,"{0: 11, 1: 0, 2: 1, 3: 0, 4: 0}",1
130,False,"{'a': 0.13537712975599703, 'e': 0.27075425951199406}",25,0,-48.73365590744695,"{0: 21, 1: 0, 2: 2, 3: 1, 4: 1}",0
131,False,"{'a': 0.13402335845843705, 'e': 0.2680467169168741}",25,18,12.409984864784997,"{0: 7, 1: 0, 2: 0, 3: 0, 4: 0}",1
132,False,"{'a': 0.13268312487385267, 'e': 0.26536624974770534}",25,9,22.504492129236098,"{0: 15, 1: 1, 2: 0, 3: 0, 4: 0}",1
133,False,"{'a': 0.13135629362511414, 'e': 0.2627125872502283}",25,16,18.173341830300505,"{0: 9, 1: 0, 2: 0, 3: 0, 4: 0}",1
134,False,"{'a': 0.13004273068886302, 'e': 0.26008546137772603}",20,0,19.052861149209267,"{0: 19, 1: 1, 2: 0, 3: 0, 4: 0}",1
135,False,"{'a': 0.12874230338197437, 'e': 0.25748460676394874}",30,15,4.873546234589034,"{0: 14, 1: 0, 2: 0, 3: 1, 4: 0}",1
136,False,"{'a': 0.12745488034815464, 'e': 0.2549097606963093}",25,15,-1.7459249004556785,"{0: 9, 1: 0, 2: 0, 3: 1, 4: 0}",1
137,False,"{'a': 0.1261803315446731, 'e': 0.2523606630893462}",20,0,0.574737373931804,"{0: 18, 1: 1, 2: 0, 3: 1, 4: 0}",1
138,False,"{'a': 0.12491852822922635, 'e': 0.2498370564584527}",25,8,-41.99174327164038,"{0: 14, 1: 0, 2: 1, 3: 1, 4: 1}",1
139,False,"{'a': 0.12366934294693409, 'e': 0.24733868589386818}",25,12,15.898862276922756,"{0: 12, 1: 1, 2: 0, 3: 0, 4: 0}",1
140,False,"{'a': 0.12243264951746474, 'e': 0.24486529903492948}",20,10,19.881355174464883,"{0: 10, 1: 0, 2: 0, 3: 0, 4: 0}",1
141,False,"{'a': 0.1212083230222901, 'e': 0.2424166460445802}",20,13,12.54448182581716,"{0: 7, 1: 0, 2: 0, 3: 0, 4: 0}",1
142,False,"{'a': 0.1199962397920672, 'e': 0.2399924795841344}",20,0,-12.950444004157426,"{0: 16, 1: 1, 2: 3, 3: 0, 4: 0}",0
143,False,"{'a': 0.11879627739414651, 'e': 0.23759255478829303}",25,0,-71.55330889760032,"{0: 19, 1: 0, 2: 4, 3: 1, 4: 1}",0
144,False,"{'a': 0.11760831462020506, 'e': 0.23521662924041012}",35,9,-31.594142229995477,"{0: 21, 1: 1, 2: 2, 3: 2, 4: 0}",1
145,False,"{'a': 0.116432231474003, 'e': 0.232864462948006}",20,0,-65.09081051333392,"{0: 17, 1: 0, 2: 1, 3: 0, 4: 2}",0
146,False,"{'a': 0.11526790915926297, 'e': 0.23053581831852593}",20,0,2.2272996802451477,"{0: 17, 1: 1, 2: 2, 3: 0, 4: 0}",0
147,False,"{'a': 0.11411523006767034, 'e': 0.22823046013534068}",20,9,-47.96455924701098,"{0: 7, 1: 2, 2: 1, 3: 0, 4: 1}",1
148,False,"{'a': 0.11297407776699364, 'e': 0.22594815553398728}",30,14,12.205821142338486,"{0: 15, 1: 0, 2: 1, 3: 0, 4: 0}",1
149,False,"{'a': 0.1118443369893237, 'e': 0.2236886739786474}",20,14,-2.1511358636732707,"{0: 5, 1: 0, 2: 1, 3: 0, 4: 0}",1
150,False,"{'a': 0.11072589361943046, 'e': 0.22145178723886091}",25,6,8.994820235501885,"{0: 17, 1: 0, 2: 2, 3: 0, 4: 0}",1
151,False,"{'a': 0.10961863468323615, 'e': 0.2192372693664723}",20,14,6.050972805008266,"{0: 6, 1: 0, 2: 0, 3: 0, 4: 0}",1
152,False,"{'a': 0.10852244833640379, 'e': 0.21704489667280757}",35,17,34.42373413346561,"{0: 18, 1: 0, 2: 0, 3: 0, 4: 0}",1
153,False,"{'a': 0.10743722385303975, 'e': 0.2148744477060795}",20,11,-40.352369327215605,"{0: 7, 1: 0, 2: 1, 3: 0, 4: 1}",1
154,False,"{'a': 0.10636285161450935, 'e': 0.2127257032290187}",25,0,-30.310909661908276,"{0: 21, 1: 1, 2: 2, 3: 0, 4: 1}",0
155,False,"{'a': 0.10529922309836426, 'e': 0.21059844619672852}",20,7,-50.63859617367008,"{0: 10, 1: 0, 2: 1, 3: 1, 4: 1}",1
156,False,"{'a': 0.10424623086738062, 'e': 0.20849246173476124}",30,0,-50.287096519687005,"{0: 25, 1: 1, 2: 2, 3: 1, 4: 1}",0
157,False,"{'a': 0.1032037685587068, 'e': 0.2064075371174136}",25,3,25.960458035839665,"{0: 21, 1: 0, 2: 1, 3: 0, 4: 0}",1
158,False,"{'a': 0.10217173087311975, 'e': 0.2043434617462395}",20,0,30.762802891378264,"{0: 20, 1: 0, 2: 0, 3: 0, 4: 0}",0
159,False,"{'a': 0.10115001356438855, 'e': 0.2023000271287771}",30,18,14.315798719377224,"{0: 11, 1: 1, 2: 0, 3: 0, 4: 0}",1
160,False,"{'a': 0.10013851342874465, 'e': 0.2002770268574893}",20,4,-20.707984951890644,"{0: 14, 1: 0, 2: 1, 3: 0, 4: 1}",1
161,False,"{'a': 0.09913712829445721, 'e': 0.19827425658891443}",20,0,28.743930591030317,"{0: 20, 1: 0, 2: 0, 3: 0, 4: 0}",0
162,False,"{'a': 0.09814575701151264, 'e': 0.19629151402302528}",25,17,-68.75977093084167,"{0: 6, 1: 0, 2: 0, 3: 0, 4: 2}",1
163,False,"{'a': 0.09716429944139751, 'e': 0.19432859888279502}",25,10,24.904463265821924,"{0: 15, 1: 0, 2: 0, 3: 0, 4: 0}",1
164,False,"{'a': 0.09619265644698353, 'e': 0.19238531289396707}",20,0,18.99020859931907,"{0: 19, 1: 0, 2: 1, 3: 0, 4: 0}",0
165,False,"{'a': 0.0952307298825137, 'e': 0.1904614597650274}",20,12,14.634906976146894,"{0: 8, 1: 0, 2: 0, 3: 0, 4: 0}",1
166,False,"{'a': 0.09427842258368856, 'e': 0.1885568451673771}",20,9,-24.604706112827152,"{0: 10, 1: 0, 2: 0, 3: 0, 4: 1}",1
167,False,"{'a': 0.09333563835785168, 'e': 0.18667127671570335}",20,0,14.094736382452,"{0: 19, 1: 0, 2: 1, 3: 0, 4: 0}",0
168,False,"{'a': 0.09240228197427315, 'e': 0.1848045639485463}",20,13,7.176469337109099,"{0: 6, 1: 1, 2: 0, 3: 0, 4: 0}",1
169,False,"{'a': 0.09147825915453042, 'e': 0.18295651830906084}",30,15,4.403651489371628,"{0: 13, 1: 0, 2: 2, 3: 0, 4: 0}",1
170,False,"{'a': 0.09056347656298512, 'e': 0.18112695312597024}",30,18,16.989321717556994,"{0: 11, 1: 1, 2: 0, 3: 0, 4: 0}",1
171,False,"{'a': 0.08965784179735527, 'e': 0.17931568359471053}",25,0,21.769264858461536,"{0: 24, 1: 0, 2: 1, 3: 0, 4: 0}",0
172,False,"{'a': 0.08876126337938171, 'e': 0.17752252675876343}",30,18,18.12390817242523,"{0: 12, 1: 0, 2: 0, 3: 0, 4: 0}",1
173,False,"{'a': 0.0878736507455879, 'e': 0.1757473014911758}",20,0,11.169591417487624,"{0: 18, 1: 1, 2: 1, 3: 0, 4: 0}",0
174,False,"{'a': 0.086994914238132, 'e': 0.173989828476264}",20,14,11.683853439278877,"{0: 6, 1: 0, 2: 0, 3: 0, 4: 0}",1
175,False,"{'a': 0.0861249650957507, 'e': 0.1722499301915014}",25,16,16.219389920711713,"{0: 9, 1: 0, 2: 0, 3: 0, 4: 0}",1
176,False,"{'a': 0.08526371544479318, 'e': 0.17052743088958636}",20,8,13.69641028359722,"{0: 11, 1: 0, 2: 1, 3: 0, 4: 0}",1
177,False,"{'a': 0.08441107829034525, 'e': 0.1688221565806905}",20,0,13.418134787914441,"{0: 19, 1: 0, 2: 1, 3: 0, 4: 0}",0
178,False,"{'a': 0.0835669675074418, 'e': 0.1671339350148836}",20,7,-62.08035558698309,"{0: 11, 1: 0, 2: 0, 3: 0, 4: 2}",1
179,False,"{'a': 0.08273129783236738, 'e': 0.16546259566473476}",25,0,37.32987768062099,"{0: 25, 1: 0, 2: 0, 3: 0, 4: 0}",0
180,False,"{'a': 0.08190398485404371, 'e': 0.16380796970808742}",20,2,-9.169212350782335,"{0: 16, 1: 0, 2: 1, 3: 1, 4: 0}",1
181,False,"{'a': 0.08108494500550327, 'e': 0.16216989001100654}",30,7,-29.963768577467444,"{0: 19, 1: 2, 2: 1, 3: 0, 4: 1}",1
182,False,"{'a': 0.08027409555544823, 'e': 0.16054819111089647}",20,6,26.355533747736178,"{0: 14, 1: 0, 2: 0, 3: 0, 4: 0}",1
183,False,"{'a': 0.07947135459989375, 'e': 0.1589427091997875}",20,0,9.12812458478471,"{0: 19, 1: 0, 2: 0, 3: 1, 4: 0}",0
184,False,"{'a': 0.07867664105389481, 'e': 0.15735328210778962}",20,8,9.203021514428126,"{0: 11, 1: 0, 2: 1, 3: 0, 4: 0}",1
185,False,"{'a': 0.07788987464335587, 'e': 0.15577974928671173}",20,12,16.150483818121913,"{0: 8, 1: 0, 2: 0, 3: 0, 4: 0}",1
186,False,"{'a': 0.0771109758969223, 'e': 0.1542219517938446}",25,14,0.8886520920529055,"{0: 10, 1: 0, 2: 1, 3: 0, 4: 0}",1
187,False,"{'a': 0.07633986613795309, 'e': 0.15267973227590617}",35,3,30.53948327767067,"{0: 31, 1: 0, 2: 0, 3: 1, 4: 0}",1
188,False,"{'a': 0.07557646747657355, 'e': 0.1511529349531471}",30,13,19.095093178722323,"{0: 16, 1: 0, 2: 1, 3: 0, 4: 0}",1
189,False,"{'a': 0.07482070280180782, 'e': 0.14964140560361563}",20,2,-11.751275881051475,"{0: 16, 1: 1, 2: 0, 3: 0, 4: 1}",1
190,False,"{'a': 0.07407249577378973, 'e': 0.14814499154757946}",25,4,-0.8480521575244757,"{0: 19, 1: 0, 2: 1, 3: 1, 4: 0}",1
191,False,"{'a': 0.07333177081605184, 'e': 0.14666354163210368}",20,0,14.093600088443667,"{0: 18, 1: 1, 2: 1, 3: 0, 4: 0}",0
192,False,"{'a': 0.07259845310789131, 'e': 0.14519690621578263}",20,6,18.368692478256715,"{0: 13, 1: 1, 2: 0, 3: 0, 4: 0}",1
193,False,"{'a': 0.0718724685768124, 'e': 0.1437449371536248}",20,12,-4.586054479778371,"{0: 7, 1: 0, 2: 0, 3: 1, 4: 0}",1
194,False,"{'a': 0.07115374389104429, 'e': 0.14230748778208857}",30,8,2.2898722359085157,"{0: 19, 1: 1, 2: 1, 3: 1, 4: 0}",1
195,False,"{'a': 0.07044220645213384, 'e': 0.14088441290426768}",25,0,37.00459592630771,"{0: 25, 1: 0, 2: 0, 3: 0, 4: 0}",0
196,False,"{'a': 0.0697377843876125, 'e': 0.139475568775225}",20,0,12.086843832811146,"{0: 19, 1: 0, 2: 1, 3: 0, 4: 0}",0
197,False,"{'a': 0.06904040654373637, 'e': 0.13808081308747275}",25,9,26.274274418430473,"{0: 16, 1: 0, 2: 0, 3: 0, 4: 0}",1
198,False,"{'a': 0.068350002478299, 'e': 0.136700004956598}",20,14,11.476268575328525,"{0: 6, 1: 0, 2: 0, 3: 0, 4: 0}",1
199,False,"{'a': 0.06766650245351602, 'e': 0.13533300490703204}",25,12,28.21814282718497,"{0: 13, 1: 0, 2: 0, 3: 0, 4: 0}",1
200,False,"{'a': 0.06698983742898086, 'e': 0.13397967485796172}",20,0,-9.708001814196656,"{0: 17, 1: 2, 2: 0, 3: 1, 4: 0}",1
201,False,"{'a': 0.06631993905469105, 'e': 0.1326398781093821}",20,0,-25.771202844365554,"{0: 18, 1: 0, 2: 1, 3: 0, 4: 1}",0
202,False,"{'a': 0.06565673966414413, 'e': 0.13131347932828827}",20,0,-54.056714206855744,"{0: 17, 1: 0, 2: 0, 3: 2, 4: 1}",0
203,False,"{'a': 0.0650001722675027, 'e': 0.1300003445350054}",35,6,38.4499203620842,"{0: 28, 1: 1, 2: 0, 3: 0, 4: 0}",1
204,False,"{'a': 0.06435017054482767, 'e': 0.12870034108965533}",20,14,1.3493809642342662,"{0: 5, 1: 1, 2: 0, 3: 0, 4: 0}",1
205,False,"{'a': 0.0637066688393794, 'e': 0.1274133376787588}",25,7,-23.14967693076676,"{0: 16, 1: 0, 2: 1, 3: 0, 4: 1}",1
206,False,"{'a': 0.06306960215098559, 'e': 0.12613920430197118}",30,9,29.41143908705762,"{0: 21, 1: 0, 2: 0, 3: 0, 4: 0}",1
207,False,"{'a': 0.06243890612947574, 'e': 0.12487781225895148}",20,0,28.63845555538274,"{0: 20, 1: 0, 2: 0, 3: 0, 4: 0}",0
208,False,"{'a': 0.06181451706818098, 'e': 0.12362903413636196}",25,3,-62.28026480230337,"{0: 19, 1: 0, 2: 1, 3: 0, 4: 2}",1
209,False,"{'a': 0.06119637189749917, 'e': 0.12239274379499834}",25,14,12.989030876829064,"{0: 10, 1: 1, 2: 0, 3: 0, 4: 0}",1
210,False,"{'a': 0.060584408178524174, 'e': 0.12116881635704835}",20,14,5.957543975318582,"{0: 5, 1: 1, 2: 0, 3: 0, 4: 0}",1
211,False,"{'a': 0.059978564096738934, 'e': 0.11995712819347787}",20,2,22.66586392112543,"{0: 17, 1: 1, 2: 0, 3: 0, 4: 0}",1
212,False,"{'a': 0.059378778455771546, 'e': 0.11875755691154309}",20,0,-23.800349611057108,"{0: 18, 1: 0, 2: 1, 3: 0, 4: 1}",0
213,False,"{'a': 0.05878499067121383, 'e': 0.11756998134242766}",25,14,7.902919919704899,"{0: 10, 1: 0, 2: 1, 3: 0, 4: 0}",1
214,False,"{'a': 0.05819714076450169, 'e': 0.11639428152900338}",20,5,28.294182758942164,"{0: 15, 1: 0, 2: 0, 3: 0, 4: 0}",1
215,False,"{'a': 0.05761516935685667, 'e': 0.11523033871371334}",20,0,22.547203565709474,"{0: 19, 1: 0, 2: 1, 3: 0, 4: 0}",0
216,False,"{'a': 0.0570390176632881, 'e': 0.1140780353265762}",30,3,29.73407168690315,"{0: 26, 1: 0, 2: 1, 3: 0, 4: 0}",1
217,False,"{'a': 0.05646862748665522, 'e': 0.11293725497331045}",30,8,-2.2737013403717823,"{0: 18, 1: 1, 2: 3, 3: 0, 4: 0}",1
218,False,"{'a': 0.05590394121178867, 'e': 0.11180788242357734}",20,2,1.6392241903433598,"{0: 17, 1: 0, 2: 0, 3: 1, 4: 0}",1
219,False,"{'a': 0.05534490179967078, 'e': 0.11068980359934157}",25,11,-18.126721771288725,"{0: 13, 1: 0, 2: 0, 3: 0, 4: 1}",1
220,False,"{'a': 0.05479145278167408, 'e': 0.10958290556334815}",20,0,15.365378631161507,"{0: 19, 1: 0, 2: 1, 3: 0, 4: 0}",0
221,False,"{'a': 0.05424353825385733, 'e': 0.10848707650771466}",20,6,27.08718272894851,"{0: 14, 1: 0, 2: 0, 3: 0, 4: 0}",1
222,False,"{'a': 0.05370110287131876, 'e': 0.10740220574263752}",20,0,2.680257993534254,"{0: 18, 1: 1, 2: 0, 3: 1, 4: 0}",0
223,False,"{'a': 0.05316409184260557, 'e': 0.10632818368521114}",25,0,-11.561681733721436,"{0: 21, 1: 0, 2: 4, 3: 0, 4: 0}",0
224,False,"{'a': 0.052632450924179515, 'e': 0.10526490184835903}",30,2,25.698010650585246,"{0: 26, 1: 1, 2: 1, 3: 0, 4: 0}",1
225,False,"{'a': 0.05210612641493772, 'e': 0.10421225282987544}",25,4,25.045643536367574,"{0: 20, 1: 1, 2: 0, 3: 0, 4: 0}",1
226,False,"{'a': 0.051585065150788346, 'e': 0.10317013030157669}",30,12,31.266369893919677,"{0: 18, 1: 0, 2: 0, 3: 0, 4: 0}",1
227,False,"{'a': 0.05106921449928046, 'e': 0.10213842899856092}",25,3,24.988669865064814,"{0: 21, 1: 1, 2: 0, 3: 0, 4: 0}",1
228,False,"{'a': 0.050558522354287656, 'e': 0.10111704470857531}",25,12,24.457090270697687,"{0: 13, 1: 0, 2: 0, 3: 0, 4: 0}",1
229,False,"{'a': 0.050052937130744775, 'e': 0.10010587426148955}",25,0,8.174955422502007,"{0: 23, 1: 1, 2: 0, 3: 1, 4: 0}",0
230,False,"{'a': 0.04955240775943733, 'e': 0.09910481551887466}",20,10,-24.785709536878436,"{0: 9, 1: 0, 2: 0, 3: 0, 4: 1}",1
231,False,"{'a': 0.04905688368184295, 'e': 0.0981137673636859}",20,15,11.68858607117588,"{0: 5, 1: 0, 2: 0, 3: 0, 4: 0}",1
232,False,"{'a': 0.04856631484502452, 'e': 0.09713262969004904}",30,15,-18.822315984758973,"{0: 14, 1: 0, 2: 0, 3: 0, 4: 1}",1
233,False,"{'a': 0.04808065169657428, 'e': 0.09616130339314856}",25,0,39.9314768366672,"{0: 25, 1: 0, 2: 0, 3: 0, 4: 0}",0
234,False,"{'a': 0.04759984517960854, 'e': 0.09519969035921708}",25,12,-20.36615945983034,"{0: 12, 1: 0, 2: 0, 3: 0, 4: 1}",1
235,False,"{'a': 0.04712384672781245, 'e': 0.0942476934556249}",20,14,-33.416535777855074,"{0: 5, 1: 0, 2: 0, 3: 0, 4: 1}",1
236,False,"{'a': 0.04665260826053433, 'e': 0.09330521652106866}",25,19,11.04431253879118,"{0: 6, 1: 0, 2: 0, 3: 0, 4: 0}",1
237,False,"{'a': 0.04618608217792898, 'e': 0.09237216435585796}",20,0,-80.55888556710835,"{0: 16, 1: 0, 2: 2, 3: 0, 4: 2}",0
238,False,"{'a': 0.04572422135614969, 'e': 0.09144844271229938}",20,2,20.894739169420184,"{0: 17, 1: 0, 2: 1, 3: 0, 4: 0}",1
239,False,"{'a': 0.0452669791425882, 'e': 0.0905339582851764}",25,17,1.1315327630095848,"{0: 7, 1: 0, 2: 1, 3: 0, 4: 0}",1
240,False,"{'a': 0.04481430935116231, 'e': 0.08962861870232462}",30,16,18.554678695616772,"{0: 13, 1: 1, 2: 0, 3: 0, 4: 0}",1
241,False,"{'a': 0.04436616625765069, 'e': 0.08873233251530138}",20,0,29.46042582105409,"{0: 20, 1: 0, 2: 0, 3: 0, 4: 0}",1
242,False,"{'a': 0.04392250459507418, 'e': 0.08784500919014836}",20,14,12.641596278779131,"{0: 6, 1: 0, 2: 0, 3: 0, 4: 0}",1
243,False,"{'a': 0.04348327954912344, 'e': 0.08696655909824688}",20,4,-19.403521535305305,"{0: 15, 1: 0, 2: 0, 3: 0, 4: 1}",1
244,False,"{'a': 0.0430484467536322, 'e': 0.0860968935072644}",25,13,21.022117708306737,"{0: 12, 1: 0, 2: 0, 3: 0, 4: 0}",1
245,False,"{'a': 0.04261796228609588, 'e': 0.08523592457219176}",25,0,37.85428919273038,"{0: 25, 1: 0, 2: 0, 3: 0, 4: 0}",0
246,False,"{'a': 0.04219178266323492, 'e': 0.08438356532646984}",20,16,7.4461359427325275,"{0: 4, 1: 0, 2: 0, 3: 0, 4: 0}",1
247,False,"{'a': 0.041769864836602576, 'e': 0.08353972967320515}",30,14,29.998540023557425,"{0: 16, 1: 0, 2: 0, 3: 0, 4: 0}",1
248,False,"{'a': 0.04135216618823655, 'e': 0.0827043323764731}",20,10,18.938329425634677,"{0: 10, 1: 0, 2: 0, 3: 0, 4: 0}",1
249,False,"{'a': 0.04093864452635418, 'e': 0.08187728905270836}",35,0,47.72032915358379,"{0: 34, 1: 0, 2: 1, 3: 0, 4: 0}",1
250,False,"{'a': 0.04052925808109064, 'e': 0.08105851616218128}",20,4,8.170555302898949,"{0: 15, 1: 0, 2: 0, 3: 1, 4: 0}",1
251,False,"{'a': 0.04012396550027973, 'e': 0.08024793100055946}",25,1,28.143599531314575,"{0: 23, 1: 0, 2: 1, 3: 0, 4: 0}",1
252,False,"{'a': 0.03972272584527693, 'e': 0.07944545169055386}",20,2,26.38923693588494,"{0: 18, 1: 0, 2: 0, 3: 0, 4: 0}",1
253,False,"{'a': 0.039325498586824166, 'e': 0.07865099717364833}",20,13,11.504489344412624,"{0: 7, 1: 0, 2: 0, 3: 0, 4: 0}",1
254,False,"{'a': 0.03893224360095592, 'e': 0.07786448720191184}",20,0,-12.509392763045277,"{0: 19, 1: 0, 2: 0, 3: 0, 4: 1}",0
255,False,"{'a': 0.03854292116494636, 'e': 0.07708584232989273}",20,1,31.121955388609194,"{0: 19, 1: 0, 2: 0, 3: 0, 4: 0}",1
256,False,"{'a': 0.0381574919532969, 'e': 0.0763149839065938}",30,15,19.972933248000416,"{0: 14, 1: 0, 2: 1, 3: 0, 4: 0}",1
257,False,"{'a': 0.03777591703376393, 'e': 0.07555183406752786}",35,13,30.42116580038132,"{0: 22, 1: 0, 2: 0, 3: 0, 4: 0}",1
258,False,"{'a': 0.03739815786342629, 'e': 0.07479631572685258}",25,7,32.94936825245192,"{0: 18, 1: 0, 2: 0, 3: 0, 4: 0}",1
259,False,"{'a': 0.03702417628479203, 'e': 0.07404835256958406}",20,13,15.28492674134859,"{0: 7, 1: 0, 2: 0, 3: 0, 4: 0}",1
260,False,"{'a': 0.036653934521944105, 'e': 0.07330786904388821}",25,7,-12.070404461503795,"{0: 17, 1: 0, 2: 0, 3: 0, 4: 1}",1
261,False,"{'a': 0.03628739517672466, 'e': 0.07257479035344933}",25,8,17.946006817562903,"{0: 16, 1: 1, 2: 0, 3: 0, 4: 0}",1
262,False,"{'a': 0.035924521224957415, 'e': 0.07184904244991483}",25,8,21.76600208354193,"{0: 16, 1: 0, 2: 1, 3: 0, 4: 0}",1
263,False,"{'a': 0.03556527601270784, 'e': 0.07113055202541568}",20,0,17.583732521642485,"{0: 19, 1: 0, 2: 1, 3: 0, 4: 0}",0
264,False,"{'a': 0.035209623252580764, 'e': 0.07041924650516153}",20,0,-23.025357246993966,"{0: 18, 1: 0, 2: 1, 3: 0, 4: 1}",1
265,False,"{'a': 0.03485752702005496, 'e': 0.06971505404010991}",25,16,4.3677152805425665,"{0: 8, 1: 0, 2: 1, 3: 0, 4: 0}",1
266,False,"{'a': 0.034508951749854404, 'e': 0.06901790349970881}",20,12,-28.742217920302288,"{0: 7, 1: 0, 2: 0, 3: 0, 4: 1}",1
267,False,"{'a': 0.03416386223235586, 'e': 0.06832772446471172}",20,0,15.789678163296317,"{0: 18, 1: 2, 2: 0, 3: 0, 4: 0}",0
268,False,"{'a': 0.0338222236100323, 'e': 0.0676444472200646}",20,0,17.415770842333064,"{0: 19, 1: 0, 2: 1, 3: 0, 4: 0}",0
269,False,"{'a': 0.03348400137393198, 'e': 0.06696800274786396}",20,3,-35.5958938933015,"{0: 14, 1: 0, 2: 2, 3: 0, 4: 1}",1
270,False,"{'a': 0.03314916136019266, 'e': 0.06629832272038531}",25,13,19.07646151554178,"{0: 12, 1: 0, 2: 0, 3: 0, 4: 0}",1
271,False,"{'a': 0.032817669746590734, 'e': 0.06563533949318147}",20,5,23.06299317926094,"{0: 15, 1: 0, 2: 0, 3: 0, 4: 0}",1
272,False,"{'a': 0.032489493049124823, 'e': 0.06497898609824965}",25,12,22.035585500366825,"{0: 13, 1: 0, 2: 0, 3: 0, 4: 0}",1
273,False,"{'a': 0.03216459811863358, 'e': 0.06432919623726716}",20,8,-19.317466656995183,"{0: 11, 1: 0, 2: 0, 3: 0, 4: 1}",1
274,False,"{'a': 0.03184295213744724, 'e': 0.06368590427489448}",25,15,16.118072034159603,"{0: 10, 1: 0, 2: 0, 3: 0, 4: 0}",1
275,False,"{'a': 0.03152452261607277, 'e': 0.06304904523214554}",20,0,25.84837677006455,"{0: 20, 1: 0, 2: 0, 3: 0, 4: 0}",0
276,False,"{'a': 0.03120927738991204, 'e': 0.06241855477982408}",25,17,-27.442052669257148,"{0: 7, 1: 0, 2: 0, 3: 0, 4: 1}",1
277,False,"{'a': 0.03089718461601292, 'e': 0.06179436923202584}",20,0,-20.17980783404249,"{0: 18, 1: 0, 2: 1, 3: 0, 4: 1}",0
278,False,"{'a': 0.03058821276985279, 'e': 0.06117642553970558}",20,11,15.438932647522401,"{0: 9, 1: 0, 2: 0, 3: 0, 4: 0}",1
279,False,"{'a': 0.030282330642154263, 'e': 0.06056466128430853}",20,10,6.270584149362724,"{0: 9, 1: 0, 2: 1, 3: 0, 4: 0}",1
280,False,"{'a': 0.02997950733573272, 'e': 0.05995901467146544}",35,22,26.93827785895316,"{0: 13, 1: 0, 2: 0, 3: 0, 4: 0}",1
281,False,"{'a': 0.029679712262375393, 'e': 0.059359424524750785}",20,11,14.176190528335091,"{0: 9, 1: 0, 2: 0, 3: 0, 4: 0}",1
282,False,"{'a': 0.029382915139751636, 'e': 0.05876583027950327}",20,0,28.3774962509781,"{0: 20, 1: 0, 2: 0, 3: 0, 4: 0}",0
283,False,"{'a': 0.02908908598835412, 'e': 0.05817817197670824}",25,5,26.982150022071394,"{0: 19, 1: 1, 2: 0, 3: 0, 4: 0}",1
284,False,"{'a': 0.02879819512847058, 'e': 0.05759639025694116}",30,4,29.029191805592944,"{0: 25, 1: 0, 2: 1, 3: 0, 4: 0}",1
285,False,"{'a': 0.028510213177185873, 'e': 0.057020426354371746}",25,3,38.624933341299,"{0: 22, 1: 0, 2: 0, 3: 0, 4: 0}",1
286,False,"{'a': 0.028225111045414013, 'e': 0.05645022209082803}",20,7,12.109845087439087,"{0: 12, 1: 1, 2: 0, 3: 0, 4: 0}",1
287,False,"{'a': 0.027942859934959874, 'e': 0.05588571986991975}",20,8,20.775866462438064,"{0: 12, 1: 0, 2: 0, 3: 0, 4: 0}",1
288,False,"{'a': 0.027663431335610274, 'e': 0.05532686267122055}",25,16,17.508218799716122,"{0: 9, 1: 0, 2: 0, 3: 0, 4: 0}",1
289,False,"{'a': 0.02738679702225417, 'e': 0.05477359404450834}",25,12,25.05407158374123,"{0: 13, 1: 0, 2: 0, 3: 0, 4: 0}",1
290,False,"{'a': 0.02711292905203163, 'e': 0.05422585810406326}",20,13,14.201629488649376,"{0: 7, 1: 0, 2: 0, 3: 0, 4: 0}",1
291,False,"{'a': 0.026841799761511315, 'e': 0.05368359952302263}",35,17,-31.59835935589813,"{0: 15, 1: 1, 2: 1, 3: 0, 4: 1}",1
292,False,"{'a': 0.0265733817638962, 'e': 0.0531467635277924}",20,6,22.81468094198926,"{0: 14, 1: 0, 2: 0, 3: 0, 4: 0}",1
293,False,"{'a': 0.02630764794625724, 'e': 0.05261529589251448}",20,6,22.960264460396928,"{0: 14, 1: 0, 2: 0, 3: 0, 4: 0}",1
294,False,"{'a': 0.026044571466794664, 'e': 0.05208914293358933}",25,19,9.902403754988756,"{0: 6, 1: 0, 2: 0, 3: 0, 4: 0}",1
295,False,"{'a': 0.02578412575212672, 'e': 0.05156825150425344}",30,20,15.650138777315801,"{0: 10, 1: 0, 2: 0, 3: 0, 4: 0}",1
296,False,"{'a': 0.02552628449460545, 'e': 0.0510525689892109}",20,0,21.316502251796337,"{0: 19, 1: 0, 2: 1, 3: 0, 4: 0}",0
297,False,"{'a': 0.025271021649659397, 'e': 0.050542043299318794}",25,13,20.083562790452472,"{0: 12, 1: 0, 2: 0, 3: 0, 4: 0}",1
298,False,"{'a': 0.025018311433162802, 'e': 0.050036622866325604}",35,22,28.87938274201036,"{0: 13, 1: 0, 2: 0, 3: 0, 4: 0}",1
299,False,"{'a': 0.024768128318831174, 'e': 0.04953625663766235}",20,6,11.72662840361787,"{0: 13, 1: 0, 2: 1, 3: 0, 4: 0}",1
300,False,"{'a': 0.02452044703564286, 'e': 0.04904089407128572}",20,3,26.52711617572958,"{0: 17, 1: 0, 2: 0, 3: 0, 4: 0}",1
301,False,"{'a': 0.024275242565286435, 'e': 0.04855048513057287}",25,7,31.53197516158014,"{0: 18, 1: 0, 2: 0, 3: 0, 4: 0}",1
302,False,"{'a': 0.02403249013963357, 'e': 0.04806498027926714}",20,7,20.79220889229618,"{0: 13, 1: 0, 2: 0, 3: 0, 4: 0}",1
303,False,"{'a': 0.023792165238237233, 'e': 0.047584330476474465}",20,6,20.651576980160712,"{0: 14, 1: 0, 2: 0, 3: 0, 4: 0}",1
304,False,"{'a': 0.02355424358585486, 'e': 0.04710848717170972}",25,8,-13.464836675301989,"{0: 16, 1: 0, 2: 0, 3: 0, 4: 1}",1
305,False,"{'a': 0.02331870114999631, 'e': 0.04663740229999262}",20,11,17.802966804362043,"{0: 9, 1: 0, 2: 0, 3: 0, 4: 0}",1
306,False,"{'a': 0.023085514138496348, 'e': 0.046171028276992696}",20,8,20.257485049223693,"{0: 12, 1: 0, 2: 0, 3: 0, 4: 0}",1
307,False,"{'a': 0.022854658997111383, 'e': 0.045709317994222766}",30,21,9.481411922503124,"{0: 8, 1: 1, 2: 0, 3: 0, 4: 0}",1
308,False,"{'a': 0.02262611240714027, 'e': 0.04525222481428054}",20,3,20.77854928314295,"{0: 16, 1: 1, 2: 0, 3: 0, 4: 0}",1
309,False,"{'a': 0.02239985128306887, 'e': 0.04479970256613774}",25,18,2.5875855923291344,"{0: 6, 1: 0, 2: 1, 3: 0, 4: 0}",1
310,False,"{'a': 0.022175852770238178, 'e': 0.044351705540476356}",30,18,18.740184530026834,"{0: 11, 1: 1, 2: 0, 3: 0, 4: 0}",1
311,False,"{'a': 0.021954094242535797, 'e': 0.043908188485071595}",20,0,27.301611471665904,"{0: 19, 1: 1, 2: 0, 3: 0, 4: 0}",0
312,False,"{'a': 0.021734553300110437, 'e': 0.04346910660022087}",20,12,15.872059220456258,"{0: 8, 1: 0, 2: 0, 3: 0, 4: 0}",1
313,False,"{'a': 0.021517207767109334, 'e': 0.04303441553421867}",25,7,27.852428395212442,"{0: 18, 1: 0, 2: 0, 3: 0, 4: 0}",1
314,False,"{'a': 0.02130203568943824, 'e': 0.04260407137887648}",25,3,34.38163439867313,"{0: 22, 1: 0, 2: 0, 3: 0, 4: 0}",1
315,False,"{'a': 0.021089015332543856, 'e': 0.04217803066508771}",30,7,-95.59714515154657,"{0: 19, 1: 0, 2: 1, 3: 0, 4: 3}",1
316,False,"{'a': 0.02087812517921842, 'e': 0.04175625035843684}",30,6,18.73251048838593,"{0: 23, 1: 0, 2: 0, 3: 1, 4: 0}",1
317,False,"{'a': 0.020669343927426233, 'e': 0.041338687854852466}",25,13,19.475368866656968,"{0: 12, 1: 0, 2: 0, 3: 0, 4: 0}",1
318,False,"{'a': 0.020462650488151973, 'e': 0.040925300976303945}",35,23,22.88504095844209,"{0: 12, 1: 0, 2: 0, 3: 0, 4: 0}",1
319,False,"{'a': 0.02025802398327045, 'e': 0.0405160479665409}",20,2,28.82626000843115,"{0: 18, 1: 0, 2: 0, 3: 0, 4: 0}",1
320,False,"{'a': 0.020055443743437748, 'e': 0.040110887486875496}",30,11,34.641204884610914,"{0: 19, 1: 0, 2: 0, 3: 0, 4: 0}",1
321,False,"{'a': 0.01985488930600337, 'e': 0.03970977861200674}",20,0,13.082494087020017,"{0: 18, 1: 2, 2: 0, 3: 0, 4: 0}",0
322,False,"{'a': 0.019656340412943337, 'e': 0.039312680825886674}",35,18,29.57963437023584,"{0: 17, 1: 0, 2: 0, 3: 0, 4: 0}",1
323,False,"{'a': 0.019459777008813902, 'e': 0.038919554017627804}",20,11,16.018628220681983,"{0: 9, 1: 0, 2: 0, 3: 0, 4: 0}",1
324,False,"{'a': 0.01926517923872576, 'e': 0.03853035847745152}",25,15,18.30364453461516,"{0: 10, 1: 0, 2: 0, 3: 0, 4: 0}",1
325,False,"{'a': 0.019072527446338507, 'e': 0.03814505489267701}",20,15,9.723596744661744,"{0: 5, 1: 0, 2: 0, 3: 0, 4: 0}",1
326,False,"{'a': 0.01888180217187512, 'e': 0.03776360434375024}",25,12,9.739509723667098,"{0: 12, 1: 0, 2: 1, 3: 0, 4: 0}",1
327,False,"{'a': 0.01869298415015637, 'e': 0.03738596830031274}",20,14,7.15952836142297,"{0: 6, 1: 0, 2: 0, 3: 0, 4: 0}",1
328,False,"{'a': 0.018506054308654804, 'e': 0.03701210861730961}",20,16,4.155332881301719,"{0: 4, 1: 0, 2: 0, 3: 0, 4: 0}",1
329,False,"{'a': 0.018320993765568255, 'e': 0.03664198753113651}",20,8,10.03083452365448,"{0: 11, 1: 0, 2: 1, 3: 0, 4: 0}",1
330,False,"{'a': 0.018137783827912573, 'e': 0.036275567655825146}",20,0,36.12481923313634,"{0: 20, 1: 0, 2: 0, 3: 0, 4: 0}",1
331,False,"{'a': 0.017956405989633446, 'e': 0.03591281197926689}",30,13,33.99476434247712,"{0: 17, 1: 0, 2: 0, 3: 0, 4: 0}",1
332,False,"{'a': 0.017776841929737112, 'e': 0.035553683859474224}",20,6,26.96967039763494,"{0: 14, 1: 0, 2: 0, 3: 0, 4: 0}",1
333,False,"{'a': 0.017599073510439742, 'e': 0.035198147020879485}",25,0,10.6837136549286,"{0: 23, 1: 0, 2: 2, 3: 0, 4: 0}",0
334,False,"{'a': 0.017423082775335344, 'e': 0.03484616555067069}",20,5,23.183226448292526,"{0: 15, 1: 0, 2: 0, 3: 0, 4: 0}",1
335,False,"{'a': 0.01724885194758199, 'e': 0.03449770389516398}",20,10,16.2098416443693,"{0: 10, 1: 0, 2: 0, 3: 0, 4: 0}",1
336,False,"{'a': 0.01707636342810617, 'e': 0.03415272685621234}",20,9,18.450147911108377,"{0: 11, 1: 0, 2: 0, 3: 0, 4: 0}",1
337,False,"{'a': 0.01690559979382511, 'e': 0.03381119958765022}",35,9,39.97020854430944,"{0: 26, 1: 0, 2: 0, 3: 0, 4: 0}",1
338,False,"{'a': 0.01673654379588686, 'e': 0.03347308759177372}",20,0,-60.448055972757714,"{0: 17, 1: 1, 2: 0, 3: 0, 4: 2}",0
339,False,"{'a': 0.01656917835792799, 'e': 0.03313835671585598}",30,20,14.490489364239544,"{0: 10, 1: 0, 2: 0, 3: 0, 4: 0}",1
340,False,"{'a': 0.01640348657434871, 'e': 0.03280697314869742}",20,0,28.348704705561907,"{0: 20, 1: 0, 2: 0, 3: 0, 4: 0}",1
341,False,"{'a': 0.01623945170860522, 'e': 0.03247890341721044}",20,16,9.906917763294853,"{0: 4, 1: 0, 2: 0, 3: 0, 4: 0}",1
342,False,"{'a': 0.01607705719151917, 'e': 0.03215411438303834}",30,15,13.616345623740363,"{0: 14, 1: 0, 2: 1, 3: 0, 4: 0}",1
343,False,"{'a': 0.015916286619603977, 'e': 0.031832573239207955}",20,11,2.22330497768339,"{0: 8, 1: 0, 2: 1, 3: 0, 4: 0}",1
344,False,"{'a': 0.015757123753407938, 'e': 0.031514247506815876}",20,8,19.63002739221529,"{0: 12, 1: 0, 2: 0, 3: 0, 4: 0}",1
345,False,"{'a': 0.015599552515873858, 'e': 0.031199105031747717}",20,3,23.864504427616826,"{0: 17, 1: 0, 2: 0, 3: 0, 4: 0}",1
346,False,"{'a': 0.01544355699071512, 'e': 0.03088711398143024}",20,12,15.110733190107167,"{0: 8, 1: 0, 2: 0, 3: 0, 4: 0}",1
347,False,"{'a': 0.015289121420807968, 'e': 0.030578242841615935}",25,20,8.640206948290672,"{0: 5, 1: 0, 2: 0, 3: 0, 4: 0}",1
348,False,"{'a': 0.015136230206599889, 'e': 0.030272460413199778}",20,0,33.35314751079599,"{0: 20, 1: 0, 2: 0, 3: 0, 4: 0}",0
349,False,"{'a': 0.01498486790453389, 'e': 0.02996973580906778}",35,11,-3.7153755146999616,"{0: 23, 1: 0, 2: 0, 3: 0, 4: 1}",1
350,False,"{'a': 0.014835019225488551, 'e': 0.029670038450977102}",25,14,19.538460461788475,"{0: 11, 1: 0, 2: 0, 3: 0, 4: 0}",1
351,False,"{'a': 0.014686669033233665, 'e': 0.02937333806646733}",25,10,22.439336687561152,"{0: 15, 1: 0, 2: 0, 3: 0, 4: 0}",1
352,False,"{'a': 0.014539802342901328, 'e': 0.029079604685802656}",25,14,24.860047721513975,"{0: 11, 1: 0, 2: 0, 3: 0, 4: 0}",1
353,False,"{'a': 0.014394404319472314, 'e': 0.02878880863894463}",35,6,39.03633400726041,"{0: 28, 1: 1, 2: 0, 3: 0, 4: 0}",1
354,False,"{'a': 0.01425046027627759, 'e': 0.02850092055255518}",20,8,19.14447672792815,"{0: 12, 1: 0, 2: 0, 3: 0, 4: 0}",1
355,False,"{'a': 0.014107955673514815, 'e': 0.02821591134702963}",20,4,26.3522213572216,"{0: 16, 1: 0, 2: 0, 3: 0, 4: 0}",1
356,False,"{'a': 0.013966876116779667, 'e': 0.027933752233559334}",25,15,16.848232051913463,"{0: 10, 1: 0, 2: 0, 3: 0, 4: 0}",1
357,False,"{'a': 0.013827207355611871, 'e': 0.027654414711223742}",25,11,-13.722496829795432,"{0: 13, 1: 0, 2: 0, 3: 0, 4: 1}",1
358,False,"{'a': 0.013688935282055751, 'e': 0.027377870564111503}",25,13,22.936405745659133,"{0: 12, 1: 0, 2: 0, 3: 0, 4: 0}",1
359,False,"{'a': 0.013552045929235194, 'e': 0.02710409185847039}",20,7,18.576499078209732,"{0: 13, 1: 0, 2: 0, 3: 0, 4: 0}",1
360,False,"{'a': 0.013416525469942842, 'e': 0.026833050939885684}",30,0,14.818546715900569,"{0: 29, 1: 0, 2: 0, 3: 1, 4: 0}",1
361,False,"{'a': 0.013282360215243413, 'e': 0.026564720430486827}",30,15,23.55400438121331,"{0: 15, 1: 0, 2: 0, 3: 0, 4: 0}",1
362,False,"{'a': 0.013149536613090979, 'e': 0.026299073226181958}",20,4,-1.2268542443793264,"{0: 13, 1: 1, 2: 2, 3: 0, 4: 0}",1
363,False,"{'a': 0.013018041246960068, 'e': 0.026036082493920136}",20,3,27.375277036678852,"{0: 17, 1: 0, 2: 0, 3: 0, 4: 0}",1
364,False,"{'a': 0.012887860834490467, 'e': 0.025775721668980935}",30,17,27.052822946729485,"{0: 13, 1: 0, 2: 0, 3: 0, 4: 0}",1
365,False,"{'a': 0.012758982226145563, 'e': 0.025517964452291125}",20,6,14.012141644859073,"{0: 13, 1: 0, 2: 1, 3: 0, 4: 0}",1
366,False,"{'a': 0.012631392403884107, 'e': 0.025262784807768213}",30,11,32.67374043268971,"{0: 19, 1: 0, 2: 0, 3: 0, 4: 0}",1
367,False,"{'a': 0.012505078479845267, 'e': 0.025010156959690534}",25,10,-15.909633259961732,"{0: 14, 1: 0, 2: 0, 3: 0, 4: 1}",1
368,False,"{'a': 0.012380027695046814, 'e': 0.024760055390093627}",25,11,23.585165601689607,"{0: 14, 1: 0, 2: 0, 3: 0, 4: 0}",1
369,False,"{'a': 0.012256227418096345, 'e': 0.02451245483619269}",20,14,11.149948829740161,"{0: 6, 1: 0, 2: 0, 3: 0, 4: 0}",1
370,False,"{'a': 0.012133665143915381, 'e': 0.024267330287830763}",25,0,35.23315054800013,"{0: 25, 1: 0, 2: 0, 3: 0, 4: 0}",0
371,False,"{'a': 0.012012328492476227, 'e': 0.024024656984952455}",30,22,16.504252444517512,"{0: 8, 1: 0, 2: 0, 3: 0, 4: 0}",1
372,False,"{'a': 0.011892205207551465, 'e': 0.02378441041510293}",25,20,8.263172586405446,"{0: 5, 1: 0, 2: 0, 3: 0, 4: 0}",1
373,False,"{'a': 0.01177328315547595, 'e': 0.0235465663109519}",20,12,13.399526791900929,"{0: 8, 1: 0, 2: 0, 3: 0, 4: 0}",1
374,False,"{'a': 0.01165555032392119, 'e': 0.02331110064784238}",30,0,40.03266298108534,"{0: 30, 1: 0, 2: 0, 3: 0, 4: 0}",0
375,False,"{'a': 0.01153899482068198, 'e': 0.02307798964136396}",25,7,32.52862240312008,"{0: 18, 1: 0, 2: 0, 3: 0, 4: 0}",1
376,False,"{'a': 0.011423604872475158, 'e': 0.022847209744950317}",20,10,19.704266916551074,"{0: 10, 1: 0, 2: 0, 3: 0, 4: 0}",1
377,False,"{'a': 0.011309368823750407, 'e': 0.022618737647500813}",20,11,18.07070897336645,"{0: 9, 1: 0, 2: 0, 3: 0, 4: 0}",1
378,False,"{'a': 0.011196275135512903, 'e': 0.022392550271025807}",25,4,38.249465758956426,"{0: 21, 1: 0, 2: 0, 3: 0, 4: 0}",1
379,False,"{'a': 0.011084312384157774, 'e': 0.022168624768315548}",20,9,17.628739120426793,"{0: 11, 1: 0, 2: 0, 3: 0, 4: 0}",1
380,False,"{'a': 0.010973469260316197, 'e': 0.021946938520632394}",20,12,14.873665952024801,"{0: 8, 1: 0, 2: 0, 3: 0, 4: 0}",1
381,False,"{'a': 0.010863734567713034, 'e': 0.02172746913542607}",20,15,7.74880057658547,"{0: 5, 1: 0, 2: 0, 3: 0, 4: 0}",1
382,False,"{'a': 0.010755097222035903, 'e': 0.021510194444071807}",20,11,16.121415379052742,"{0: 9, 1: 0, 2: 0, 3: 0, 4: 0}",1
383,False,"{'a': 0.010647546249815544, 'e': 0.021295092499631088}",20,0,29.492014191484095,"{0: 20, 1: 0, 2: 0, 3: 0, 4: 0}",0
384,False,"{'a': 0.01054107078731739, 'e': 0.02108214157463478}",25,16,19.111670203313086,"{0: 9, 1: 0, 2: 0, 3: 0, 4: 0}",1
385,False,"{'a': 0.010435660079444214, 'e': 0.02087132015888843}",25,13,24.33234110033705,"{0: 12, 1: 0, 2: 0, 3: 0, 4: 0}",1
386,False,"{'a': 0.010331303478649773, 'e': 0.020662606957299545}",20,10,18.52639039923349,"{0: 10, 1: 0, 2: 0, 3: 0, 4: 0}",1
387,False,"{'a': 0.010227990443863275, 'e': 0.02045598088772655}",20,0,37.433244630096006,"{0: 20, 1: 0, 2: 0, 3: 0, 4: 0}",1
388,False,"{'a': 0.010125710539424642, 'e': 0.020251421078849283}",25,18,8.091577794957162,"{0: 6, 1: 1, 2: 0, 3: 0, 4: 0}",1
389,False,"{'a': 0.010024453434030396, 'e': 0.02004890686806079}",30,16,29.194245697474635,"{0: 14, 1: 0, 2: 0, 3: 0, 4: 0}",1
390,False,"{'a': 0.009924208899690092, 'e': 0.019848417799380184}",20,15,8.96966716575825,"{0: 5, 1: 0, 2: 0, 3: 0, 4: 0}",1
391,False,"{'a': 0.00982496681069319, 'e': 0.01964993362138638}",25,8,30.451308279224936,"{0: 17, 1: 0, 2: 0, 3: 0, 4: 0}",1
392,False,"{'a': 0.009726717142586258, 'e': 0.019453434285172516}",25,15,17.667590699793923,"{0: 10, 1: 0, 2: 0, 3: 0, 4: 0}",1
393,False,"{'a': 0.009629449971160395, 'e': 0.01925889994232079}",20,8,24.010444856618253,"{0: 12, 1: 0, 2: 0, 3: 0, 4: 0}",1
394,False,"{'a': 0.009533155471448791, 'e': 0.019066310942897582}",25,9,30.105863570426585,"{0: 16, 1: 0, 2: 0, 3: 0, 4: 0}",1
395,False,"{'a': 0.009437823916734304, 'e': 0.01887564783346861}",20,13,13.116974330170134,"{0: 7, 1: 0, 2: 0, 3: 0, 4: 0}",1
396,False,"{'a': 0.009343445677566961, 'e': 0.018686891355133923}",30,21,17.02059287983945,"{0: 9, 1: 0, 2: 0, 3: 0, 4: 0}",1
397,False,"{'a': 0.00925001122079129, 'e': 0.01850002244158258}",30,18,25.48033975142823,"{0: 12, 1: 0, 2: 0, 3: 0, 4: 0}",1
398,False,"{'a': 0.009157511108583379, 'e': 0.018315022217166757}",20,9,19.67022170087578,"{0: 11, 1: 0, 2: 0, 3: 0, 4: 0}",1
399,False,"{'a': 0.009065935997497544, 'e': 0.018131871994995087}",20,11,18.104033482307766,"{0: 9, 1: 0, 2: 0, 3: 0, 4: 0}",1
400,False,"{'a': 0.008975276637522569, 'e': 0.017950553275045137}",25,13,21.744704160424863,"{0: 12, 1: 0, 2: 0, 3: 0, 4: 0}",1
401,False,"{'a': 0.008885523871147343, 'e': 0.017771047742294686}",20,9,20.40742921488157,"{0: 11, 1: 0, 2: 0, 3: 0, 4: 0}",1
402,False,"{'a': 0.00879666863243587, 'e': 0.01759333726487174}",30,17,26.203603103365168,"{0: 13, 1: 0, 2: 0, 3: 0, 4: 0}",1
403,False,"{'a': 0.008708701946111511, 'e': 0.017417403892223023}",25,16,16.38299042733775,"{0: 9, 1: 0, 2: 0, 3: 0, 4: 0}",1
404,False,"{'a': 0.008621614926650395, 'e': 0.01724322985330079}",30,19,20.32808968770699,"{0: 11, 1: 0, 2: 0, 3: 0, 4: 0}",1
405,False,"{'a': 0.008535398777383891, 'e': 0.017070797554767782}",20,9,10.274402173932785,"{0: 10, 1: 0, 2: 1, 3: 0, 4: 0}",1
406,False,"{'a': 0.008450044789610053, 'e': 0.016900089579220106}",20,14,8.959888669591825,"{0: 6, 1: 0, 2: 0, 3: 0, 4: 0}",1
407,False,"{'a': 0.008365544341713951, 'e': 0.016731088683427903}",20,4,29.057841157338792,"{0: 16, 1: 0, 2: 0, 3: 0, 4: 0}",1
408,False,"{'a': 0.008281888898296813, 'e': 0.016563777796593626}",25,17,16.814638377824544,"{0: 8, 1: 0, 2: 0, 3: 0, 4: 0}",1
409,False,"{'a': 0.008199070009313844, 'e': 0.016398140018627688}",25,14,15.69267723306212,"{0: 11, 1: 0, 2: 0, 3: 0, 4: 0}",1
410,False,"{'a': 0.008117079309220706, 'e': 0.01623415861844141}",25,20,8.70315031896195,"{0: 5, 1: 0, 2: 0, 3: 0, 4: 0}",1
411,False,"{'a': 0.008035908516128499, 'e': 0.016071817032256998}",30,7,35.255822402925546,"{0: 23, 1: 0, 2: 0, 3: 0, 4: 0}",1
412,False,"{'a': 0.007955549430967213, 'e': 0.015911098861934425}",20,7,20.716467968808928,"{0: 13, 1: 0, 2: 0, 3: 0, 4: 0}",1
413,False,"{'a': 0.007875993936657541, 'e': 0.015751987873315082}",25,13,19.84720478492207,"{0: 12, 1: 0, 2: 0, 3: 0, 4: 0}",1
414,False,"{'a': 0.007797233997290966, 'e': 0.015594467994581931}",25,16,14.660367100306852,"{0: 9, 1: 0, 2: 0, 3: 0, 4: 0}",1
415,False,"{'a': 0.007719261657318056, 'e': 0.015438523314636111}",20,10,19.840149447064604,"{0: 10, 1: 0, 2: 0, 3: 0, 4: 0}",1
416,False,"{'a': 0.007642069040744875, 'e': 0.01528413808148975}",20,8,17.35392164557914,"{0: 12, 1: 0, 2: 0, 3: 0, 4: 0}",1
417,False,"{'a': 0.007565648350337427, 'e': 0.015131296700674854}",25,2,-50.86986751046411,"{0: 21, 1: 0, 2: 0, 3: 0, 4: 2}",1
418,False,"{'a': 0.007489991866834052, 'e': 0.014979983733668104}",20,13,12.110649820632169,"{0: 7, 1: 0, 2: 0, 3: 0, 4: 0}",1
419,False,"{'a': 0.007415091948165711, 'e': 0.014830183896331423}",20,9,20.690949299173216,"{0: 11, 1: 0, 2: 0, 3: 0, 4: 0}",1
420,False,"{'a': 0.007340941028684054, 'e': 0.014681882057368109}",35,25,16.06361257243928,"{0: 10, 1: 0, 2: 0, 3: 0, 4: 0}",1
421,False,"{'a': 0.0072675316183972135, 'e': 0.014535063236794427}",30,0,16.633445028738436,"{0: 29, 1: 0, 2: 0, 3: 1, 4: 0}",0
422,False,"{'a': 0.007194856302213242, 'e': 0.014389712604426484}",25,11,25.716963977718184,"{0: 14, 1: 0, 2: 0, 3: 0, 4: 0}",1
423,False,"{'a': 0.007122907739191109, 'e': 0.014245815478382218}",20,0,25.86828435311217,"{0: 20, 1: 0, 2: 0, 3: 0, 4: 0}",0
424,False,"{'a': 0.007051678661799198, 'e': 0.014103357323598397}",20,5,24.848892420051794,"{0: 15, 1: 0, 2: 0, 3: 0, 4: 0}",1
425,False,"{'a': 0.006981161875181206, 'e': 0.013962323750362412}",30,12,33.147680395501304,"{0: 18, 1: 0, 2: 0, 3: 0, 4: 0}",1
426,False,"{'a': 0.0069113502564293935, 'e': 0.013822700512858787}",20,8,18.82903500139843,"{0: 12, 1: 0, 2: 0, 3: 0, 4: 0}",1
427,False,"{'a': 0.0068422367538650995, 'e': 0.013684473507730199}",20,0,29.52756942227695,"{0: 20, 1: 0, 2: 0, 3: 0, 4: 0}",1
428,False,"{'a': 0.006773814386326449, 'e': 0.013547628772652897}",20,6,23.125245982767865,"{0: 14, 1: 0, 2: 0, 3: 0, 4: 0}",1
429,False,"{'a': 0.006706076242463184, 'e': 0.013412152484926368}",30,15,19.32461093479947,"{0: 15, 1: 0, 2: 0, 3: 0, 4: 0}",1
430,False,"{'a': 0.006639015480038552, 'e': 0.013278030960077104}",25,8,15.445759226291921,"{0: 16, 1: 0, 2: 1, 3: 0, 4: 0}",1
431,False,"{'a': 0.006572625325238167, 'e': 0.013145250650476333}",20,1,23.48732046102064,"{0: 19, 1: 0, 2: 0, 3: 0, 4: 0}",1
432,False,"{'a': 0.006506899071985785, 'e': 0.01301379814397157}",25,0,41.09303692983806,"{0: 25, 1: 0, 2: 0, 3: 0, 4: 0}",0
433,False,"{'a': 0.006441830081265927, 'e': 0.012883660162531854}",20,8,22.669536819145886,"{0: 12, 1: 0, 2: 0, 3: 0, 4: 0}",1
434,False,"{'a': 0.0063774117804532675, 'e': 0.012754823560906535}",25,16,17.075260146771953,"{0: 9, 1: 0, 2: 0, 3: 0, 4: 0}",1
435,False,"{'a': 0.006313637662648735, 'e': 0.01262727532529747}",25,7,31.628258316043876,"{0: 18, 1: 0, 2: 0, 3: 0, 4: 0}",1
436,False,"{'a': 0.006250501286022248, 'e': 0.012501002572044496}",25,11,23.056582521473405,"{0: 14, 1: 0, 2: 0, 3: 0, 4: 0}",1
437,False,"{'a': 0.006187996273162025, 'e': 0.01237599254632405}",30,15,28.761209928500374,"{0: 15, 1: 0, 2: 0, 3: 0, 4: 0}",1
438,False,"{'a': 0.0061261163104304045, 'e': 0.012252232620860809}",35,20,-13.544423545803735,"{0: 14, 1: 0, 2: 0, 3: 0, 4: 1}",1
439,False,"{'a': 0.006064855147326101, 'e': 0.012129710294652202}",20,7,20.92998955571168,"{0: 13, 1: 0, 2: 0, 3: 0, 4: 0}",1
440,False,"{'a': 0.00600420659585284, 'e': 0.01200841319170568}",20,2,26.452322794759915,"{0: 18, 1: 0, 2: 0, 3: 0, 4: 0}",1
441,False,"{'a': 0.005944164529894311, 'e': 0.011888329059788622}",25,11,25.51681137389281,"{0: 14, 1: 0, 2: 0, 3: 0, 4: 0}",1
442,False,"{'a': 0.005884722884595368, 'e': 0.011769445769190735}",30,19,20.68771143048808,"{0: 11, 1: 0, 2: 0, 3: 0, 4: 0}",1
443,False,"{'a': 0.005825875655749414, 'e': 0.011651751311498829}",25,15,17.05352599295239,"{0: 10, 1: 0, 2: 0, 3: 0, 4: 0}",1
444,False,"{'a': 0.00576761689919192, 'e': 0.01153523379838384}",25,8,23.711148555043703,"{0: 17, 1: 0, 2: 0, 3: 0, 4: 0}",1
445,False,"{'a': 0.0057099407302000004, 'e': 0.011419881460400001}",20,8,17.062316785896503,"{0: 12, 1: 0, 2: 0, 3: 0, 4: 0}",1
446,False,"{'a': 0.0056528413228980005, 'e': 0.011305682645796001}",20,16,7.603571597307856,"{0: 4, 1: 0, 2: 0, 3: 0, 4: 0}",1
447,False,"{'a': 0.005596312909669021, 'e': 0.011192625819338041}",20,4,26.041848181865454,"{0: 16, 1: 0, 2: 0, 3: 0, 4: 0}",1
448,False,"{'a': 0.005540349780572331, 'e': 0.011080699561144661}",30,12,33.65989618638223,"{0: 18, 1: 0, 2: 0, 3: 0, 4: 0}",1
449,False,"{'a': 0.005484946282766607, 'e': 0.010969892565533214}",25,3,-5.357241554299058,"{0: 21, 1: 0, 2: 0, 3: 0, 4: 1}",1
450,False,"{'a': 0.005430096819938941, 'e': 0.010860193639877882}",25,11,26.637483984584147,"{0: 14, 1: 0, 2: 0, 3: 0, 4: 0}",1
451,False,"{'a': 0.005375795851739551, 'e': 0.010751591703479103}",20,7,21.333258115805833,"{0: 13, 1: 0, 2: 0, 3: 0, 4: 0}",1
452,False,"{'a': 0.005322037893222156, 'e': 0.010644075786444312}",20,0,28.852584882069355,"{0: 20, 1: 0, 2: 0, 3: 0, 4: 0}",0
453,False,"{'a': 0.005268817514289935, 'e': 0.01053763502857987}",25,8,30.953777189192067,"{0: 17, 1: 0, 2: 0, 3: 0, 4: 0}",1
454,False,"{'a': 0.005216129339147035, 'e': 0.01043225867829407}",20,0,31.698077060249574,"{0: 20, 1: 0, 2: 0, 3: 0, 4: 0}",1
455,False,"{'a': 0.005163968045755565, 'e': 0.01032793609151113}",20,10,18.01913654216548,"{0: 10, 1: 0, 2: 0, 3: 0, 4: 0}",1
456,False,"{'a': 0.005112328365298009, 'e': 0.010224656730596018}",25,18,15.926055015072254,"{0: 7, 1: 0, 2: 0, 3: 0, 4: 0}",1
457,False,"{'a': 0.0050612050816450285, 'e': 0.010122410163290057}",20,8,22.359237865382866,"{0: 12, 1: 0, 2: 0, 3: 0, 4: 0}",1
458,False,"{'a': 0.005010593030828578, 'e': 0.010021186061657156}",20,11,6.203824070125287,"{0: 8, 1: 1, 2: 0, 3: 0, 4: 0}",1
459,False,"{'a': 0.004960487100520293, 'e': 0.009920974201040586}",20,11,15.43158928177641,"{0: 9, 1: 0, 2: 0, 3: 0, 4: 0}",1
460,False,"{'a': 0.004910882229515089, 'e': 0.009821764459030179}",20,10,18.026065661349254,"{0: 10, 1: 0, 2: 0, 3: 0, 4: 0}",1
461,False,"{'a': 0.004861773407219939, 'e': 0.009723546814439878}",20,13,12.94242750996207,"{0: 7, 1: 0, 2: 0, 3: 0, 4: 0}",1
462,False,"{'a': 0.004813155673147739, 'e': 0.009626311346295479}",25,4,29.33379542983705,"{0: 21, 1: 0, 2: 0, 3: 0, 4: 0}",1
463,False,"{'a': 0.004765024116416262, 'e': 0.009530048232832523}",25,12,26.29593014513133,"{0: 13, 1: 0, 2: 0, 3: 0, 4: 0}",1
464,False,"{'a': 0.0047173738752520995, 'e': 0.009434747750504199}",30,6,41.255785669745464,"{0: 24, 1: 0, 2: 0, 3: 0, 4: 0}",1
465,False,"{'a': 0.004670200136499578, 'e': 0.009340400272999157}",25,19,11.780226019505179,"{0: 6, 1: 0, 2: 0, 3: 0, 4: 0}",1
466,False,"{'a': 0.0046234981351345825, 'e': 0.009246996270269165}",20,12,15.261387358728673,"{0: 8, 1: 0, 2: 0, 3: 0, 4: 0}",1
467,False,"{'a': 0.004577263153783237, 'e': 0.009154526307566474}",35,22,24.424761958632377,"{0: 13, 1: 0, 2: 0, 3: 0, 4: 0}",1
468,False,"{'a': 0.004531490522245404, 'e': 0.009062981044490808}",20,16,7.158664363958072,"{0: 4, 1: 0, 2: 0, 3: 0, 4: 0}",1
469,False,"{'a': 0.00448617561702295, 'e': 0.0089723512340459}",25,16,16.136988428189763,"{0: 9, 1: 0, 2: 0, 3: 0, 4: 0}",1
470,False,"{'a': 0.00444131386085272, 'e': 0.00888262772170544}",35,19,24.283912354669102,"{0: 16, 1: 0, 2: 0, 3: 0, 4: 0}",1
471,False,"{'a': 0.004396900722244193, 'e': 0.008793801444488386}",20,16,5.586892744704351,"{0: 4, 1: 0, 2: 0, 3: 0, 4: 0}",1
472,False,"{'a': 0.004352931715021751, 'e': 0.008705863430043502}",25,14,16.020934278539258,"{0: 11, 1: 0, 2: 0, 3: 0, 4: 0}",1
473,False,"{'a': 0.004309402397871534, 'e': 0.008618804795743068}",30,16,24.992578950705603,"{0: 14, 1: 0, 2: 0, 3: 0, 4: 0}",1
474,False,"{'a': 0.0042663083738928185, 'e': 0.008532616747785637}",25,8,27.570397944403876,"{0: 17, 1: 0, 2: 0, 3: 0, 4: 0}",1
475,False,"{'a': 0.00422364529015389, 'e': 0.00844729058030778}",25,18,14.35291384149766,"{0: 7, 1: 0, 2: 0, 3: 0, 4: 0}",1
476,False,"{'a': 0.004181408837252351, 'e': 0.008362817674504702}",20,0,31.3725100197616,"{0: 20, 1: 0, 2: 0, 3: 0, 4: 0}",0
477,False,"{'a': 0.004139594748879828, 'e': 0.008279189497759656}",25,20,9.519768715998044,"{0: 5, 1: 0, 2: 0, 3: 0, 4: 0}",1
478,False,"{'a': 0.004098198801391029, 'e': 0.008196397602782058}",35,24,20.531681155145442,"{0: 11, 1: 0, 2: 0, 3: 0, 4: 0}",1
479,False,"{'a': 0.004057216813377119, 'e': 0.008114433626754238}",25,3,26.020182421948647,"{0: 21, 1: 1, 2: 0, 3: 0, 4: 0}",1
480,False,"{'a': 0.004016644645243348, 'e': 0.008033289290486696}",20,13,13.513689372182114,"{0: 7, 1: 0, 2: 0, 3: 0, 4: 0}",1
481,False,"{'a': 0.003976478198790915, 'e': 0.00795295639758183}",30,17,22.723687014599225,"{0: 13, 1: 0, 2: 0, 3: 0, 4: 0}",1
482,False,"{'a': 0.003936713416803005, 'e': 0.00787342683360601}",20,14,11.43939050616234,"{0: 6, 1: 0, 2: 0, 3: 0, 4: 0}",1
483,False,"{'a': 0.0038973462826349748, 'e': 0.0077946925652699495}",25,14,19.150003468769366,"{0: 11, 1: 0, 2: 0, 3: 0, 4: 0}",1
484,False,"{'a': 0.003858372819808625, 'e': 0.00771674563961725}",30,17,25.86934972991679,"{0: 13, 1: 0, 2: 0, 3: 0, 4: 0}",1
485,False,"{'a': 0.0038197890916105387, 'e': 0.007639578183221077}",25,13,19.875006386205534,"{0: 12, 1: 0, 2: 0, 3: 0, 4: 0}",1
486,False,"{'a': 0.0037815912006944332, 'e': 0.0075631824013888665}",20,3,27.796794032844545,"{0: 17, 1: 0, 2: 0, 3: 0, 4: 0}",1
487,False,"{'a': 0.0037437752886874892, 'e': 0.0074875505773749785}",25,9,24.873250438515107,"{0: 16, 1: 0, 2: 0, 3: 0, 4: 0}",1
488,False,"{'a': 0.003706337535800614, 'e': 0.007412675071601228}",20,13,12.097232994751515,"{0: 7, 1: 0, 2: 0, 3: 0, 4: 0}",1
489,False,"{'a': 0.003669274160442608, 'e': 0.007338548320885216}",35,27,12.611917268315649,"{0: 8, 1: 0, 2: 0, 3: 0, 4: 0}",1
490,False,"{'a': 0.0036325814188381818, 'e': 0.0072651628376763635}",25,17,17.551009303897928,"{0: 8, 1: 0, 2: 0, 3: 0, 4: 0}",1
491,False,"{'a': 0.0035962556046498, 'e': 0.0071925112092996}",20,13,12.634562717192527,"{0: 7, 1: 0, 2: 0, 3: 0, 4: 0}",1
492,False,"{'a': 0.003560293048603302, 'e': 0.007120586097206604}",20,2,26.874043800242895,"{0: 18, 1: 0, 2: 0, 3: 0, 4: 0}",1
493,False,"{'a': 0.003524690118117269, 'e': 0.007049380236234538}",25,7,-14.79938269025545,"{0: 17, 1: 0, 2: 0, 3: 0, 4: 1}",1
494,False,"{'a': 0.0034894432169360963, 'e': 0.006978886433872193}",25,9,30.113668449324713,"{0: 16, 1: 0, 2: 0, 3: 0, 4: 0}",1
495,False,"{'a': 0.003454548784766735, 'e': 0.00690909756953347}",25,13,22.36150267406303,"{0: 12, 1: 0, 2: 0, 3: 0, 4: 0}",1
496,False,"{'a': 0.003420003296919068, 'e': 0.006840006593838136}",25,16,17.820678708880852,"{0: 9, 1: 0, 2: 0, 3: 0, 4: 0}",1
497,False,"{'a': 0.0033858032639498773, 'e': 0.006771606527899755}",35,22,22.672422812341733,"{0: 13, 1: 0, 2: 0, 3: 0, 4: 0}",1
498,False,"{'a': 0.0033519452313103782, 'e': 0.0067038904626207565}",20,10,19.05232085141241,"{0: 10, 1: 0, 2: 0, 3: 0, 4: 0}",1
499,False,"{'a': 0.0033184257789972745, 'e': 0.006636851557994549}",30,12,14.61555965773206,"{0: 17, 1: 0, 2: 0, 3: 1, 4: 0}",1
500,False,"{'a': 0.0032852415212073017, 'e': 0.006570483042414603}",30,18,22.343456274438736,"{0: 12, 1: 0, 2: 0, 3: 0, 4: 0}",1
501,False,"{'a': 0.0032523891059952287, 'e': 0.006504778211990457}",20,12,17.435159807478826,"{0: 8, 1: 0, 2: 0, 3: 0, 4: 0}",1
502,False,"{'a': 0.0032198652149352763, 'e': 0.006439730429870553}",20,9,22.27016443957049,"{0: 11, 1: 0, 2: 0, 3: 0, 4: 0}",1
503,False,"{'a': 0.0031876665627859234, 'e': 0.006375333125571847}",20,6,24.174985539265812,"{0: 14, 1: 0, 2: 0, 3: 0, 4: 0}",1
504,False,"{'a': 0.0031557898971580644, 'e': 0.006311579794316129}",20,9,20.554243824837616,"{0: 11, 1: 0, 2: 0, 3: 0, 4: 0}",1
505,False,"{'a': 0.0031242319981864834, 'e': 0.006248463996372967}",25,8,31.30726210401887,"{0: 17, 1: 0, 2: 0, 3: 0, 4: 0}",1
506,False,"{'a': 0.0030929896782046187, 'e': 0.0061859793564092375}",20,14,11.551480555756772,"{0: 6, 1: 0, 2: 0, 3: 0, 4: 0}",1
507,False,"{'a': 0.0030620597814225727, 'e': 0.006124119562845145}",20,10,4.784731185725148,"{0: 9, 1: 0, 2: 1, 3: 0, 4: 0}",1
508,False,"{'a': 0.0030314391836083468, 'e': 0.0060628783672166935}",30,17,26.013930259902068,"{0: 13, 1: 0, 2: 0, 3: 0, 4: 0}",1
509,False,"{'a': 0.003001124791772263, 'e': 0.006002249583544526}",20,0,26.950348779719693,"{0: 20, 1: 0, 2: 0, 3: 0, 4: 0}",0
510,False,"{'a': 0.0029711135438545404, 'e': 0.005942227087709081}",30,16,25.78276380124193,"{0: 14, 1: 0, 2: 0, 3: 0, 4: 0}",1
511,False,"{'a': 0.002941402408415995, 'e': 0.00588280481683199}",20,1,22.066071319914123,"{0: 18, 1: 1, 2: 0, 3: 0, 4: 0}",1
512,False,"{'a': 0.0029119883843318354, 'e': 0.005823976768663671}",20,10,18.196956086368512,"{0: 10, 1: 0, 2: 0, 3: 0, 4: 0}",1
513,False,"{'a': 0.0028828685004885168, 'e': 0.0057657370009770335}",25,17,16.32040260672002,"{0: 8, 1: 0, 2: 0, 3: 0, 4: 0}",1
514,False,"{'a': 0.0028540398154836316, 'e': 0.005708079630967263}",20,9,20.73865068689248,"{0: 11, 1: 0, 2: 0, 3: 0, 4: 0}",1
515,False,"{'a': 0.002825499417328795, 'e': 0.00565099883465759}",20,10,15.855041133240864,"{0: 10, 1: 0, 2: 0, 3: 0, 4: 0}",1
516,False,"{'a': 0.0027972444231555075, 'e': 0.005594488846311015}",30,6,41.53912620816129,"{0: 24, 1: 0, 2: 0, 3: 0, 4: 0}",1
517,False,"{'a': 0.002769271978923952, 'e': 0.005538543957847904}",25,10,25.776830046502145,"{0: 15, 1: 0, 2: 0, 3: 0, 4: 0}",1
518,False,"{'a': 0.002741579259134713, 'e': 0.005483158518269426}",20,14,9.25420477211754,"{0: 6, 1: 0, 2: 0, 3: 0, 4: 0}",1
519,False,"{'a': 0.0027141634665433655, 'e': 0.005428326933086731}",25,17,16.36722578327885,"{0: 8, 1: 0, 2: 0, 3: 0, 4: 0}",1
520,False,"{'a': 0.002687021831877932, 'e': 0.005374043663755864}",25,15,17.679334437054674,"{0: 10, 1: 0, 2: 0, 3: 0, 4: 0}",1
521,False,"{'a': 0.0026601516135591526, 'e': 0.005320303227118305}",20,4,-16.88699943531709,"{0: 15, 1: 0, 2: 0, 3: 0, 4: 1}",1
522,False,"{'a': 0.002633550097423561, 'e': 0.005267100194847122}",25,10,27.82844333632126,"{0: 15, 1: 0, 2: 0, 3: 0, 4: 0}",1
523,False,"{'a': 0.0026072145964493253, 'e': 0.005214429192898651}",25,15,18.498275226048985,"{0: 10, 1: 0, 2: 0, 3: 0, 4: 0}",1
524,False,"{'a': 0.002581142450484832, 'e': 0.005162284900969664}",20,8,19.370369562524804,"{0: 12, 1: 0, 2: 0, 3: 0, 4: 0}",1
525,False,"{'a': 0.002555331025979984, 'e': 0.005110662051959968}",20,11,14.959475338983923,"{0: 9, 1: 0, 2: 0, 3: 0, 4: 0}",1
526,False,"{'a': 0.002529777715720184, 'e': 0.005059555431440368}",20,0,28.712611987899493,"{0: 20, 1: 0, 2: 0, 3: 0, 4: 0}",0
527,False,"{'a': 0.002504479938562982, 'e': 0.005008959877125964}",25,4,30.945416350557508,"{0: 21, 1: 0, 2: 0, 3: 0, 4: 0}",1
528,False,"{'a': 0.0024794351391773523, 'e': 0.0049588702783547045}",20,0,13.024103067243772,"{0: 19, 1: 0, 2: 0, 3: 1, 4: 0}",0
1,True,"{'a': 0, 'e': 0}",20,3,24.2267555860983,"{0: 17, 1: 0, 2: 0, 3: 0, 4: 0}",1
2,True,"{'a': 0, 'e': 0}",20,8,20.574351050006914,"{0: 12, 1: 0, 2: 0, 3: 0, 4: 0}",1
3,True,"{'a': 0, 'e': 0}",20,14,9.475125682628729,"{0: 6, 1: 0, 2: 0, 3: 0, 4: 0}",1
4,True,"{'a': 0, 'e': 0}",20,0,31.34672676178491,"{0: 20, 1: 0, 2: 0, 3: 0, 4: 0}",1
5,True,"{'a': 0, 'e': 0}",20,13,11.564605302337837,"{0: 7, 1: 0, 2: 0, 3: 0, 4: 0}",1
6,True,"{'a': 0, 'e': 0}",25,13,22.431448904912134,"{0: 12, 1: 0, 2: 0, 3: 0, 4: 0}",1
7,True,"{'a': 0, 'e': 0}",25,13,18.068946800288245,"{0: 12, 1: 0, 2: 0, 3: 0, 4: 0}",1
8,True,"{'a': 0, 'e': 0}",25,18,9.807418582677023,"{0: 7, 1: 0, 2: 0, 3: 0, 4: 0}",1
9,True,"{'a': 0, 'e': 0}",25,18,12.760088782546244,"{0: 7, 1: 0, 2: 0, 3: 0, 4: 0}",1
10,True,"{'a': 0, 'e': 0}",20,6,22.070446536482457,"{0: 14, 1: 0, 2: 0, 3: 0, 4: 0}",1
11,True,"{'a': 0, 'e': 0}",25,9,30.775300866070232,"{0: 16, 1: 0, 2: 0, 3: 0, 4: 0}",1
12,True,"{'a': 0, 'e': 0}",30,8,32.218488539471004,"{0: 22, 1: 0, 2: 0, 3: 0, 4: 0}",1
13,True,"{'a': 0, 'e': 0}",30,12,30.87873776331854,"{0: 18, 1: 0, 2: 0, 3: 0, 4: 0}",1
14,True,"{'a': 0, 'e': 0}",20,0,30.412893690668263,"{0: 20, 1: 0, 2: 0, 3: 0, 4: 0}",0
15,True,"{'a': 0, 'e': 0}",25,0,42.596271539924885,"{0: 25, 1: 0, 2: 0, 3: 0, 4: 0}",0
16,True,"{'a': 0, 'e': 0}",20,3,29.215515298577778,"{0: 17, 1: 0, 2: 0, 3: 0, 4: 0}",1
17,True,"{'a': 0, 'e': 0}",20,0,34.68344563285258,"{0: 20, 1: 0, 2: 0, 3: 0, 4: 0}",1
18,True,"{'a': 0, 'e': 0}",30,8,36.285111935531816,"{0: 22, 1: 0, 2: 0, 3: 0, 4: 0}",1
19,True,"{'a': 0, 'e': 0}",30,18,20.58778083235956,"{0: 12, 1: 0, 2: 0, 3: 0, 4: 0}",1
20,True,"{'a': 0, 'e': 0}",30,22,13.834365184277912,"{0: 8, 1: 0, 2: 0, 3: 0, 4: 0}",1
